-- MySQL dump 10.13  Distrib 5.5.54, for debian-linux-gnu (x86_64)
--
-- Host: peugeotclubmalaysia.mysql.pythonanywhere-services.com    Database: peugeotclubmalay$pcmapp
-- ------------------------------------------------------
-- Server version	5.6.40-log

/*!40101 SET @OLD_CHARACTER_SET_CLIENT=@@CHARACTER_SET_CLIENT */;
/*!40101 SET @OLD_CHARACTER_SET_RESULTS=@@CHARACTER_SET_RESULTS */;
/*!40101 SET @OLD_COLLATION_CONNECTION=@@COLLATION_CONNECTION */;
/*!40101 SET NAMES utf8 */;
/*!40103 SET @OLD_TIME_ZONE=@@TIME_ZONE */;
/*!40103 SET TIME_ZONE='+00:00' */;
/*!40014 SET @OLD_UNIQUE_CHECKS=@@UNIQUE_CHECKS, UNIQUE_CHECKS=0 */;
/*!40014 SET @OLD_FOREIGN_KEY_CHECKS=@@FOREIGN_KEY_CHECKS, FOREIGN_KEY_CHECKS=0 */;
/*!40101 SET @OLD_SQL_MODE=@@SQL_MODE, SQL_MODE='NO_AUTO_VALUE_ON_ZERO' */;
/*!40111 SET @OLD_SQL_NOTES=@@SQL_NOTES, SQL_NOTES=0 */;

--
-- Table structure for table `auth_group`
--

DROP TABLE IF EXISTS `auth_group`;
/*!40101 SET @saved_cs_client     = @@character_set_client */;
/*!40101 SET character_set_client = utf8 */;
CREATE TABLE `auth_group` (
  `id` int(11) NOT NULL AUTO_INCREMENT,
  `name` varchar(80) NOT NULL,
  PRIMARY KEY (`id`),
  UNIQUE KEY `name` (`name`)
) ENGINE=InnoDB AUTO_INCREMENT=4 DEFAULT CHARSET=utf8;
/*!40101 SET character_set_client = @saved_cs_client */;

--
-- Dumping data for table `auth_group`
--

LOCK TABLES `auth_group` WRITE;
/*!40000 ALTER TABLE `auth_group` DISABLE KEYS */;
INSERT INTO `auth_group` VALUES (1,'Member'),(2,'PCM Admin'),(3,'Service Center');
/*!40000 ALTER TABLE `auth_group` ENABLE KEYS */;
UNLOCK TABLES;

--
-- Table structure for table `auth_group_permissions`
--

DROP TABLE IF EXISTS `auth_group_permissions`;
/*!40101 SET @saved_cs_client     = @@character_set_client */;
/*!40101 SET character_set_client = utf8 */;
CREATE TABLE `auth_group_permissions` (
  `id` int(11) NOT NULL AUTO_INCREMENT,
  `group_id` int(11) NOT NULL,
  `permission_id` int(11) NOT NULL,
  PRIMARY KEY (`id`),
  UNIQUE KEY `auth_group_permissions_group_id_permission_id_0cd325b0_uniq` (`group_id`,`permission_id`),
  KEY `auth_group_permissio_permission_id_84c5c92e_fk_auth_perm` (`permission_id`),
  CONSTRAINT `auth_group_permissio_permission_id_84c5c92e_fk_auth_perm` FOREIGN KEY (`permission_id`) REFERENCES `auth_permission` (`id`),
  CONSTRAINT `auth_group_permissions_group_id_b120cbf9_fk_auth_group_id` FOREIGN KEY (`group_id`) REFERENCES `auth_group` (`id`)
) ENGINE=InnoDB DEFAULT CHARSET=utf8;
/*!40101 SET character_set_client = @saved_cs_client */;

--
-- Dumping data for table `auth_group_permissions`
--

LOCK TABLES `auth_group_permissions` WRITE;
/*!40000 ALTER TABLE `auth_group_permissions` DISABLE KEYS */;
/*!40000 ALTER TABLE `auth_group_permissions` ENABLE KEYS */;
UNLOCK TABLES;

--
-- Table structure for table `auth_permission`
--

DROP TABLE IF EXISTS `auth_permission`;
/*!40101 SET @saved_cs_client     = @@character_set_client */;
/*!40101 SET character_set_client = utf8 */;
CREATE TABLE `auth_permission` (
  `id` int(11) NOT NULL AUTO_INCREMENT,
  `name` varchar(255) NOT NULL,
  `content_type_id` int(11) NOT NULL,
  `codename` varchar(100) NOT NULL,
  PRIMARY KEY (`id`),
  UNIQUE KEY `auth_permission_content_type_id_codename_01ab375a_uniq` (`content_type_id`,`codename`),
  CONSTRAINT `auth_permission_content_type_id_2f476e4b_fk_django_co` FOREIGN KEY (`content_type_id`) REFERENCES `django_content_type` (`id`)
) ENGINE=InnoDB AUTO_INCREMENT=41 DEFAULT CHARSET=utf8;
/*!40101 SET character_set_client = @saved_cs_client */;

--
-- Dumping data for table `auth_permission`
--

LOCK TABLES `auth_permission` WRITE;
/*!40000 ALTER TABLE `auth_permission` DISABLE KEYS */;
INSERT INTO `auth_permission` VALUES (1,'Can add member',1,'add_member'),(2,'Can change member',1,'change_member'),(3,'Can delete member',1,'delete_member'),(4,'Can add car',2,'add_car'),(5,'Can change car',2,'change_car'),(6,'Can delete car',2,'delete_car'),(7,'Can add payment',3,'add_payment'),(8,'Can change payment',3,'change_payment'),(9,'Can delete payment',3,'delete_payment'),(10,'Can add log entry',4,'add_logentry'),(11,'Can change log entry',4,'change_logentry'),(12,'Can delete log entry',4,'delete_logentry'),(13,'Can add permission',5,'add_permission'),(14,'Can change permission',5,'change_permission'),(15,'Can delete permission',5,'delete_permission'),(16,'Can add group',6,'add_group'),(17,'Can change group',6,'change_group'),(18,'Can delete group',6,'delete_group'),(19,'Can add user',7,'add_user'),(20,'Can change user',7,'change_user'),(21,'Can delete user',7,'delete_user'),(22,'Can add content type',8,'add_contenttype'),(23,'Can change content type',8,'change_contenttype'),(24,'Can delete content type',8,'delete_contenttype'),(25,'Can add session',9,'add_session'),(26,'Can change session',9,'change_session'),(27,'Can delete session',9,'delete_session'),(28,'Can view member',1,'view_member'),(29,'Can view car',2,'view_car'),(30,'Can view payment',3,'view_payment'),(31,'Can view log entry',4,'view_logentry'),(32,'Can view permission',5,'view_permission'),(33,'Can view group',6,'view_group'),(34,'Can view user',7,'view_user'),(35,'Can view content type',8,'view_contenttype'),(36,'Can view session',9,'view_session'),(37,'Can add activity',10,'add_activity'),(38,'Can change activity',10,'change_activity'),(39,'Can delete activity',10,'delete_activity'),(40,'Can view activity',10,'view_activity');
/*!40000 ALTER TABLE `auth_permission` ENABLE KEYS */;
UNLOCK TABLES;

--
-- Table structure for table `auth_user`
--

DROP TABLE IF EXISTS `auth_user`;
/*!40101 SET @saved_cs_client     = @@character_set_client */;
/*!40101 SET character_set_client = utf8 */;
CREATE TABLE `auth_user` (
  `id` int(11) NOT NULL AUTO_INCREMENT,
  `password` varchar(128) NOT NULL,
  `last_login` datetime(6) DEFAULT NULL,
  `is_superuser` tinyint(1) NOT NULL,
  `username` varchar(150) NOT NULL,
  `first_name` varchar(30) NOT NULL,
  `last_name` varchar(150) NOT NULL,
  `email` varchar(254) NOT NULL,
  `is_staff` tinyint(1) NOT NULL,
  `is_active` tinyint(1) NOT NULL,
  `date_joined` datetime(6) NOT NULL,
  PRIMARY KEY (`id`),
  UNIQUE KEY `username` (`username`)
) ENGINE=InnoDB AUTO_INCREMENT=183 DEFAULT CHARSET=utf8;
/*!40101 SET character_set_client = @saved_cs_client */;

--
-- Dumping data for table `auth_user`
--

LOCK TABLES `auth_user` WRITE;
/*!40000 ALTER TABLE `auth_user` DISABLE KEYS */;
INSERT INTO `auth_user` VALUES (1,'pbkdf2_sha256$120000$7g5uXBmyzbGA$WiyF4krgM6GfoHfViz+bWibfehX+MSx/+klwASf9T5E=','2018-09-12 12:46:16.786698',1,'admin','','','',1,1,'2018-09-04 02:06:58.023429'),(2,'pbkdf2_sha256$120000$mLS2A7zCEsUo$LDyRR6WI2dUOpKMTYi2LyJmD99Lfnrp4mBH8Y0s06ho=','2018-11-24 06:11:54.436578',1,'blackdolphin8178@hotmail.com','LEOW MING SIANG, ANDREW...','','blackdolphin8178@hotmail.com',1,1,'2018-09-04 02:21:12.000000'),(4,'pbkdf2_sha256$120000$8Yrzi55sujJx$jkbDQTwNGjtZDDM5Nl+fI1H0CXaqM2/H/0gbeE3Rbvg=',NULL,0,'macnecss@gmail.com','LIM TAU YEE, MACNECSS...','','macnecss@gmail.com',0,1,'2018-09-04 02:21:13.483182'),(5,'pbkdf2_sha256$120000$mUiSOm41HgfU$7CqbMuJt1BO50yFuYlMRuMc8vfpJfH8uwKvhq4Jz2UE=','2019-08-04 02:28:51.430636',1,'robinyan@hotmail.my','ROBIN YAN KOK SOON...','','robinyan@hotmail.my',1,1,'2018-09-04 02:21:13.000000'),(6,'pbkdf2_sha256$120000$Ht7QykhacMAq$/Vx2SkPlIZ4atUGMAFC4Ohxf+5CejyPr+06DntEE9Xo=','2018-09-26 11:11:17.908458',1,'eugynbooi@gmail.com','BOOI JUN JIE / EUGYN BOOI...','','eugynbooi@gmail.com',1,1,'2018-09-04 02:21:13.000000'),(7,'pbkdf2_sha256$120000$m7EoCW9sVuHk$XkNHgSeXOaUhrc945mmZH5fVDn5oNrwhgS6cmLZWPd8=','2019-09-13 11:00:19.129685',1,'yakon7997@gmail.com','AZRIL ALI BIN AHMAD RASHI...','','yakon7997@gmail.com',1,1,'2018-09-04 02:21:14.000000'),(8,'pbkdf2_sha256$120000$7V24R5bhhu9Y$OtAonWQ5TI0D2I98rdoq3PDXpxvaidKf9ZFU1pzvmvA=','2018-09-04 03:03:32.255447',0,'jon.kazee@gmail.com','LIM SU LONG / JON LIM...','','jon.kazee@gmail.com',0,1,'2018-09-04 02:21:14.344338'),(9,'pbkdf2_sha256$120000$H1yxhZ5lzEvW$m1e3tZ8xo/u0W4OEMshIQu8JaAQ8ssGQWkHQo6iFizE=','2018-09-26 16:22:10.045719',1,'wilson2511@gmail.com','WILSON CHIA KWANG LEUNG...','','wilson2511@gmail.com',1,1,'2018-09-04 02:21:14.000000'),(10,'pbkdf2_sha256$120000$nOQdIPxJFeVn$A8SfER/ehDj/9SYLUkJWV3aeRnba8r4M7Kx8Z1AqvdQ=','2019-04-11 13:33:02.872168',0,'ckfcheo@gmail.com','CHEOK KENG FATT...','','ckfcheo@gmail.com',0,1,'2018-09-04 02:21:14.783010'),(11,'pbkdf2_sha256$120000$vra1paV7zn54$eYSuzzvRlJUorx8xvW1g1IMeqPv9EP58SjrgUWX3764=','2018-09-09 08:14:33.743406',0,'dr.harrydinesh@gmail.com','HARRY DINESH MAHALINGAM...','','dr.harrydinesh@gmail.com',0,1,'2018-09-04 02:21:15.039088'),(12,'pbkdf2_sha256$120000$D2u4DeghY1KN$jQnPJ611yoLAv8qcDWvZ1Oq5gk+0htTm+Ss0zFHpuek=','2018-09-25 08:29:07.590658',0,'mmubashar@gmail.com','MOHAMED MUBASHAR BIN AFTA...','','mmubashar@gmail.com',0,1,'2018-09-04 02:21:15.363211'),(13,'pbkdf2_sha256$120000$At8WmbSePI0K$LQ0GfKwTKPE46jy92Mv/18Rn1DJncOC5Fc0k2SUvIkU=','2018-09-05 14:40:18.349516',0,'cpwongfreddy@gmail.com','FREDDY WONG CHION PYNG...','','cpwongfreddy@gmail.com',0,1,'2018-09-04 02:21:15.647110'),(14,'pbkdf2_sha256$120000$rx3MTxaR6jdn$VdL7bRefDfJPHmU4hK1TUAs3rn+lByEq8YnwcQMKHqs=',NULL,0,'sunnyng.upc@gmail.com','SUNNY NG KENG HAI...','','sunnyng.upc@gmail.com',0,1,'2018-09-04 02:21:15.939124'),(15,'pbkdf2_sha256$120000$Yu8M4pZUA5PP$nhtiY0G7aEuWwaCRuYkq6HrbsW0PEkKIE3kozzpH1ew=','2018-09-05 14:36:38.549538',0,'cheeloonee@gmail.com','EE CHEE LOON / JACK EE...','','cheeloonee@gmail.com',0,1,'2018-09-04 02:21:16.225097'),(16,'pbkdf2_sha256$120000$MJhll2PqFS2S$9OD5TmI7x0p5AQKaCb2lZknQfRoRdVr3hs5Ysi9ivmI=',NULL,0,'airborne016@gmail.com','BARRY LIM...','','airborne016@gmail.com',0,1,'2018-09-04 02:21:16.487102'),(17,'pbkdf2_sha256$120000$GNPE3d9huAkZ$HCO1fYEEz834Ks5ar0t9okw7wInaHDqu/whrEsdTL4A=','2018-12-07 01:08:26.678876',1,'akimzz@yahoo.com.my','MOHD MUSTAQIM BIN MOHD ZA...','','akimzz@yahoo.com.my',1,1,'2018-09-04 02:21:16.000000'),(18,'pbkdf2_sha256$120000$k8HKrKfwD2vO$/HTOpAl9J0dQAckSTR5s3PKu0vWVdlAxUyH+znRrrSI=','2018-09-25 08:55:01.271069',0,'budakjurus@gmail.com','MOHD NORIMI RAMELI...','','budakjurus@gmail.com',0,1,'2018-09-04 02:21:17.059116'),(19,'pbkdf2_sha256$120000$7M0dlkxNybyc$PeDLBVHWp8wxl7P4INbBwcp+O4sSC7Ac0JAy4Qh7tOY=','2018-12-07 13:27:04.537781',0,'logen031@gmail.com','LOGENATHAN A/L MUNISAMY...','','logen031@gmail.com',0,1,'2018-09-04 02:21:17.329909'),(20,'pbkdf2_sha256$120000$tVjRtcqjaXDx$qp/V5mE4/e29c8YY0D59wSFvgrqNyqy822zZE9U6x/Y=','2018-09-26 10:59:57.966614',0,'tlsing99@gmail.com','TAN LEANG SING / RUSTY...','','tlsing99@gmail.com',0,1,'2018-09-04 02:21:17.605376'),(21,'pbkdf2_sha256$120000$7QneRlwESsD0$MdJplqhBbxF3+JarnDfxTUxZi2ui7cOR+pY82PVGaes=',NULL,0,'2008ahj@gmail.com','ALLAN KENNETH HVIID JENSE...','','2008ahj@gmail.com',0,1,'2018-09-04 02:21:17.906462'),(22,'pbkdf2_sha256$120000$Ug2VaxU6oW2y$uQqr/B4QEKEYV6zFlRjQrPpU3c5xDYg5NYThU9wGptY=','2019-03-02 03:33:09.420065',0,'yamani.shahrul@gmail.com','MUHAMAD YAMANI...','','yamani.shahrul@gmail.com',0,1,'2018-09-04 02:21:18.207113'),(23,'pbkdf2_sha256$120000$HT4VJFn1SeUh$x7aVIIBELU1OB0ewVu3invtg7NsTDpkUme9+ZqbyOIw=','2018-09-26 13:36:17.286901',0,'unitec2006@hotmail.com','TANG BOON KHEE...','','unitec2006@hotmail.com',0,1,'2018-09-04 02:21:18.480495'),(24,'pbkdf2_sha256$120000$Fk6bjr8zGSmx$rHHMYWuwaMLx4nLTJULNs4FIGhFiFSIhciSgYMXabI0=',NULL,0,'mohamad.sofi.ismail@gmail.com','MOHAMAD SOFI BIN ISMAIL...','','mohamad.sofi.ismail@gmail.com',0,1,'2018-09-04 02:21:18.764897'),(25,'pbkdf2_sha256$120000$iDHqwN23keDk$ZU6yM0E2vyg2xfOb6L4R+tIDnn8EcQTylPQQ5AD6Gyo=',NULL,0,'jcvivahomes@gmail.com','CHOO TECK CHUAN, JOHN...','','jcvivahomes@gmail.com',0,1,'2018-09-04 02:21:19.067116'),(26,'pbkdf2_sha256$120000$BnwpHKljsliX$ANMuMbFlIUYLJRu14lQjHD6+EEWRafLYDLL9TClCsK0=','2019-01-16 00:29:16.712455',0,'Kok_jiunn@hotmail.com','LEE KOK JIUNN...','','Kok_jiunn@hotmail.com',0,1,'2018-09-04 02:21:19.372552'),(27,'pbkdf2_sha256$120000$M3VGcmCaW64C$ZCTQbwJrp1viFb7cpwXOcWsbO6gQ2cZGJWgl7zVdWpM=',NULL,0,'yuzhan93@gmail.com','TAN YU ZHAN...','','yuzhan93@gmail.com',0,1,'2018-09-04 02:21:19.675145'),(28,'pbkdf2_sha256$120000$KvPOOtzuLeIN$2Ow7eSWqtYKIMxbjDYPicj5m/n4xCqCGH8N7KBOnZ1c=',NULL,0,'jeffy.gan@error.com','JEFFERY GAN...','','jeffy.gan@error.com',0,1,'2018-09-04 02:21:19.961269'),(29,'pbkdf2_sha256$120000$BU4THbHSifj9$llWc2TXlSqEDvqsTIWhqJ9JK1ywH6VhkyYz2I8tr+MY=','2019-05-18 10:00:50.993841',0,'Iskandarhadi@gmail.com','ISKANDAR HADI BIN MD JELA...','','Iskandarhadi@gmail.com',0,1,'2018-09-04 02:21:20.235123'),(30,'pbkdf2_sha256$120000$ZaGCKm44uq7f$jpVBDGdu9VyXcDdz59A27FACs7uFzevFHjDJTAZicjo=',NULL,0,'waynewongkw@yahoo.com','WAYNE WONG...','','waynewongkw@yahoo.com',0,1,'2018-09-04 02:21:20.507123'),(31,'pbkdf2_sha256$120000$yN5r4jRiwzrp$HwC20qHXXAQZueu0/kikC0Oq7e/m9Gi/aOdIYfyK3+o=','2019-09-13 13:30:55.959905',0,'gradientlok@gmail.com','GRADIENT LOK WAI KEONG...','','gradientlok@gmail.com',0,1,'2018-09-04 02:21:20.789785'),(32,'pbkdf2_sha256$120000$fM7I4M99qXtP$1VeTgm1dawEprrNuGMxH+KDr7PP5zLQNGDJoUY5gbVM=','2019-12-06 06:08:48.285628',1,'vignes_k@yahoo.com','VIGNESWAREN A/L KRISHNAMO...','','vignes_k@yahoo.com',1,1,'2018-09-04 02:21:21.000000'),(33,'pbkdf2_sha256$120000$P8eZTTdjkYwj$efqbB5Jx30R0r/7eMdFqQC4X2UxFVfqxtXZuiR4X2ic=','2018-10-24 10:57:56.881260',0,'mohamedzakrikhan@gmail.com','MOHAMED ZAKRI KHAN B AHMA...','','mohamedzakrikhan@gmail.com',0,1,'2018-09-04 02:21:21.363129'),(34,'pbkdf2_sha256$120000$VgB1jrRKl9UM$lvHefBEtAxjfHDsy9mtqvaUzho4NbHUsQ1Ra769U2m4=','2019-01-14 12:52:23.743051',0,'alextan81@gmail.com','ALEX TAN...','','alextan81@gmail.com',0,1,'2018-09-04 02:21:21.663121'),(35,'pbkdf2_sha256$120000$RoycULIFKbxj$6OriskXttJNfuwpVv5tXfq3W14BWIVheuKde21BNFSw=',NULL,0,'ibrahimahmadzamani@gmail.com','IBRAHIM BIN AHMAD ZAMANI...','','ibrahimahmadzamani@gmail.com',0,1,'2018-09-04 02:21:21.983271'),(36,'pbkdf2_sha256$120000$zNbT5z6htqmC$spMdyb6oXqmSYJAdrdelbf6M1EhrVLUCIdIeVmruwsE=','2018-09-26 16:13:50.513761',0,'wcheahsc@gmail.com','WILLIAM CHEAH...','','wcheahsc@gmail.com',0,1,'2018-09-04 02:21:22.290764'),(37,'pbkdf2_sha256$120000$tul6u3wvPkgQ$erdDtrS4A6dqYK68uEOwx29A4MB/CFET9yaFaiym1DU=','2019-03-04 04:12:40.116707',0,'arulveera@yahoo.com','LOGESWARAN A/L MANIAM / L...','','arulveera@yahoo.com',0,1,'2018-09-04 02:21:22.562632'),(38,'pbkdf2_sha256$120000$LSNJbjHByGq4$MraiOA+wsTE++R03QgcpHGvyJVowEgNgmGkrSqqedGI=','2019-04-01 04:43:02.435936',1,'gamz95@gmail.com','GAMMA RIZKINATA SATRIANA...','','gamz95@gmail.com',1,1,'2018-09-04 02:21:22.000000'),(39,'pbkdf2_sha256$120000$noj59RCUsTe9$ULa2tv/jSRiTupDLGgpEyMUs2lsJSu2xDM9K2UBVMqk=','2018-09-25 08:25:37.666607',0,'mutasi@gmail.com','MUHAMMAD TAUFIQ BIN MOHAM...','','mutasi@gmail.com',0,1,'2018-09-04 02:21:23.124432'),(40,'pbkdf2_sha256$120000$YSIjQLeGEjIj$CuwIpIkhdLSJRIBHjwp/L1il1nVAWilf4e60LDX7wSM=',NULL,0,'ykliau@hotmail.com','LIAU YEE KHEE...','','ykliau@hotmail.com',0,1,'2018-09-04 02:21:23.398833'),(41,'pbkdf2_sha256$120000$viJc3ONDvdM9$WxfNmJ/aCKLVUvXoIVajgQv9tnB7d4//g8NHYRIA1eQ=','2019-11-23 06:27:11.245858',0,'Zjloh08@gmail.com','LOH ZHENG JIE, JAKE...','','Zjloh08@gmail.com',0,1,'2018-09-04 02:21:23.680718'),(42,'pbkdf2_sha256$120000$GjesBFAXdNpq$qIXTeGR1AEtunv4wy6JnXgMN/OVBMwPXMCmPyY9jKi8=','2019-06-20 13:46:51.982311',0,'nelsonang@gmail.com','NELSON ANG ZEN KIAT...','','nelsonang@gmail.com',0,1,'2018-09-04 02:21:23.963732'),(43,'pbkdf2_sha256$120000$MQSxkUQa8zyl$TpYs6GcMuoVvyh8kN24Gj1pCgMIRf7X30s0XkfAw0Cg=',NULL,0,'rajanazhatulshima@yahoo.co.uk','RAJA NAZHATUL SHIMA BINTI...','','rajanazhatulshima@yahoo.co.uk',0,1,'2018-09-04 02:21:24.259230'),(44,'pbkdf2_sha256$120000$5VG9sI4dIqjX$ukOvKpJ0qmp3m39DX1IW03+YR3rwOxE4o7XuVa7mHD8=',NULL,0,'daphanieyong@hotmail.com','DAPHANIE YONG JIUN LIH...','','daphanieyong@hotmail.com',0,1,'2018-09-04 02:21:24.587302'),(45,'pbkdf2_sha256$120000$dxnFmg0XECgY$4kiDaBX8p9T1O0fMgBWKJvCBIVNsoqAmD1WohxplyAI=',NULL,0,'allankok@error.com','NICHOLAS KOK (ALLAN KOK)...','','allankok@error.com',0,1,'2018-09-04 02:21:24.887841'),(46,'pbkdf2_sha256$120000$H45XmP4L7b7W$oN8r/byhsVvhJ0+tjXQFlv75Yf/cjp/waDU4qTe2Zec=','2018-09-12 11:08:38.831315',0,'kicapi@gmail.com','MUHAMMAD EZMEER ABDUL RAH...','','kicapi@gmail.com',0,1,'2018-09-04 02:21:25.117980'),(47,'pbkdf2_sha256$120000$3HFBRJUwbHvt$XBEprQd6dgGyJFsUEml+l7UliOPR/tLktG03bcHlaLw=',NULL,0,'alibaki.s@nexus.edu.my','SAIFUL BIN ALI BAKI...','','alibaki.s@nexus.edu.my',0,1,'2018-09-04 02:21:25.395187'),(48,'pbkdf2_sha256$120000$4JcDCJewrYNR$a7l5ZnaKQN/+gp/1RFKO2watM2cVTwde2+icl3N9uzw=','2019-09-13 09:43:02.734665',1,'mechnaresh93@gmail.com','NARESH JEYAPALAN...','','mechnaresh93@gmail.com',1,1,'2018-09-04 02:21:25.000000'),(49,'pbkdf2_sha256$120000$q1b3qKRztyAH$aMXBnix1xd5TZJSfsTY1vy9Sr6SM//L5F04qh7fz+tY=','2018-09-26 12:33:45.078831',0,'mohdfaisalabdkahar@gmail.com','MOHD FAISAL ABDUL KAHAR...','','mohdfaisalabdkahar@gmail.com',0,1,'2018-09-04 02:21:25.949556'),(50,'pbkdf2_sha256$120000$jBCd3fsKnRXm$tkyZcXHlNJQXnci5NXwJ8rJBY+mtddRwkpjXovWCILM=',NULL,0,'bujank01@yahoo.com.sg','KAIULANI BINTI BUJANG (KA...','','bujank01@yahoo.com.sg',0,1,'2018-09-04 02:21:26.280399'),(51,'pbkdf2_sha256$120000$x0IxKbk9nji2$utODhxlkP8O2DXuQnvm03MUsLWmIEFhM0uuFCrne4gE=','2018-10-16 00:43:04.615143',0,'mohamadshahrir@gmail.com','MOHAMAD SHAHRIR BIN NAWAW...','','mohamadshahrir@gmail.com',0,1,'2018-09-04 02:21:26.555324'),(52,'pbkdf2_sha256$120000$YhBxD0i1ZwJB$vzOGDL0JF12DILdlzpM0VwJxUqUQwVAAvmTjp7hFE9g=',NULL,0,'jasonbrendy95@gmail.com','TEH YONG SHAN / JASON BRE...','','jasonbrendy95@gmail.com',0,0,'2018-09-04 02:21:26.000000'),(53,'pbkdf2_sha256$120000$piiYWrcU3kVZ$8eKMOwRNFeLFsiD0qCWFyH6/kb/AFVtdaIwSeB5hYG8=','2018-12-29 13:26:26.142154',0,'honkongtra@gmail.com','PON HONG KONG...','','honkongtra@gmail.com',0,1,'2018-09-04 02:21:27.095149'),(54,'pbkdf2_sha256$120000$4SChkO90CmQ2$6XEO4CmqpeVXZBCYrnGMu4y2bxbkR1g06YziT3R2yVw=','2018-12-07 01:55:41.471616',1,'kmnissan@gmail.com','OH KAH MENG / OCEAN...','','kmnissan@gmail.com',1,1,'2018-09-04 02:21:27.000000'),(55,'pbkdf2_sha256$120000$83EzJDsVfO57$9LWr9393LR1iKtCtD0lWJtC8mwnbUJLrhUGSRa9QFlQ=','2018-12-29 13:35:35.595526',0,'pld2307@yahoo.com','MOHAMAD SHAMEEM BIN SALEE...','','pld2307@yahoo.com',0,1,'2018-09-04 02:21:27.682472'),(56,'pbkdf2_sha256$120000$lAuvHxJB5LTk$riwXiWsT8XoLjd1Jhe6yYA3gqiqWeYrQ1COh9Vw0jiY=',NULL,0,'kev770712@gmail.com','NG ENG LEONG / KEVIN...','','kev770712@gmail.com',0,1,'2018-09-04 02:21:27.967133'),(57,'pbkdf2_sha256$120000$wv85mXY1nAGh$WIyyqqLpaN7VhYYiSXWcT85dMuUM0qrKCcxYMsKqUXc=','2018-12-07 10:55:35.464919',0,'md.mirzar@gmail.com','MOHAMED MIRZAR BIN ABDUL ...','','md.mirzar@gmail.com',0,1,'2018-09-04 02:21:28.236167'),(58,'pbkdf2_sha256$120000$AjVUl3VQPQDY$I7RcKgdV2D0AalTbX0WIeDZyzX4Ik04bQfMmlOGV6fM=','2018-12-28 02:32:01.000000',0,'wilwithsinglel@hotmail.com','WIL ONG TECK YUNG...','','wilwithsinglel@hotmail.com',0,1,'2018-09-04 02:21:28.000000'),(59,'pbkdf2_sha256$120000$Wxy2MayUIMIx$OlkCZJ3UHdqY6RnrUW21VAVGCYcUOLLqmtYHw0G+QJY=','2018-12-29 04:13:58.044489',0,'cpteoh9678@yahoo.com','TEOH CHIN POH...','','cpteoh9678@yahoo.com',0,1,'2018-09-04 02:21:28.859113'),(60,'pbkdf2_sha256$120000$Dxdzir5LCunw$+3v02wIsbv2RALHIdwwwHIUdNFjsHandLxVjcFX+Vrc=',NULL,0,'kris7kc@gmail.com','KRIS TAN KWANG CHUNG...','','kris7kc@gmail.com',0,1,'2018-09-04 02:21:29.128679'),(61,'pbkdf2_sha256$120000$NRjZjQJepYxW$d99ASOW6HEuAMB4JCgHfX0525IzabVesShSNE4w90JQ=','2018-12-28 02:45:43.346555',0,'alza8844@gmail.com','SHAFARLIZA BINTI SAMSUDDI...','','alza8844@gmail.com',0,1,'2018-09-04 02:21:29.427149'),(62,'pbkdf2_sha256$120000$l1AFeLFP5IJY$gtykd7MQO2q7RQWu5Dt8w5yUqU3Zr7/yuytgPSXPiKI=',NULL,0,'hezanrg@gmail.com','HEZAN BIN HAJI MOHD ZAINU...','','hezanrg@gmail.com',0,1,'2018-09-04 02:21:29.676435'),(63,'pbkdf2_sha256$120000$CnQyw7D3Sl0c$9hxgTsEzMek9Fvnpa5QFGA+ynWrQc7hSyMcuZ2J9IoE=',NULL,0,'thamss@gmail.com','BENZ THAM SHIEN SHYONG...','','thamss@gmail.com',0,1,'2018-09-04 02:21:29.947113'),(64,'pbkdf2_sha256$120000$K1nsJp22Fjih$zT98z3KCbDlMu4qhIbNeGJHQ+KI+mSiIBOB88nRbq0E=','2019-01-23 02:02:00.628267',0,'bryantslee308@gmail.com','BRYAN LEE TONG SIN...','','bryantslee308@gmail.com',0,1,'2018-09-04 02:21:30.231149'),(65,'pbkdf2_sha256$120000$U6rrKPI6oVol$K1L/QkdWeMdHZDtgk0CQUqzIglcNC9eDOySaDvicwgo=','2018-09-25 13:41:09.055631',0,'Billypru40@gmail.com','BILLY CHAN CHEE YONG...','','Billypru40@gmail.com',0,1,'2018-09-04 02:21:30.514167'),(66,'pbkdf2_sha256$120000$KiinKl1JhUhj$+Aqun6x09TSUTgl8qDcEv5Wi6zFOEUCRiTaCm2Xg5XM=','2018-12-28 12:58:27.244816',0,'harulnizam@gmail.com','NORHARUL NIZAM BIN NORDIN...','','harulnizam@gmail.com',0,1,'2018-09-04 02:21:30.782531'),(67,'pbkdf2_sha256$120000$LyCj5l6MqIcN$zovVdLNg9QUV2fW3aibQylkZFRsvhyp63ouMZt16GU0=','2019-02-14 14:42:24.595726',0,'alsonean@gmail.com','ALSON CHAY...','','alsonean@gmail.com',0,1,'2018-09-04 02:21:31.079140'),(68,'pbkdf2_sha256$120000$4Lh5sdkQtBux$b8N0TC36uTe8gNuJyAGeJNKU0V3s5vVFw1dwlmxiu/0=','2018-10-11 02:21:48.024828',0,'thillagen@gmail.com','RASATHILLAGEN RASAINTHIRA...','','thillagen@gmail.com',0,1,'2018-09-04 02:21:31.350996'),(69,'pbkdf2_sha256$120000$Wo5oXV7helnx$KUDBBV6Jybwp9pGaea9hXCmzwuFkRfC1O4YBY7J4FDc=',NULL,0,'seihaw@hotmail.com','CHIOK SEI HAW...','','seihaw@hotmail.com',0,1,'2018-09-04 02:21:31.623487'),(70,'pbkdf2_sha256$120000$GY3heW0K5kLm$EwrBTIcM1SzDxT0E5f3lfIT9GXgcucvTSc/TUEG3qig=','2019-01-16 03:28:59.299273',0,'judy.jlmy@gmail.com','JUDY LEONG MEI YING...','','judy.jlmy@gmail.com',0,1,'2018-09-04 02:21:31.868629'),(71,'pbkdf2_sha256$120000$bs6Tq724In4S$0rz6lZG9KQj/j61KOIJTuKfvqeJOyI6tTM5TvGdx4PY=','2019-04-01 05:49:57.157636',1,'mshafiqs@live.com','MOHAMAD SHAFIQ BIN SHAARI...','','mshafiqs@live.com',1,1,'2018-09-04 02:21:32.000000'),(72,'pbkdf2_sha256$120000$57PVJRilDdXF$1RO0WPILHdaXD5qDiqtg5K3P4GSJmG0RQ+SRaJYx9OQ=','2019-04-15 06:04:39.447861',0,'ck_5883_v@yahoo.com','TAN CHUN KEAT / SEAN TAN...','','ck_5883_v@yahoo.com',0,1,'2018-09-04 02:21:32.318759'),(73,'pbkdf2_sha256$120000$Ame0cRvRoBcp$/hugPzPfwDeTvYA9HJFWQt3gt7glmiasQ8Ys+Z/dIf8=',NULL,0,'louislim2@gmail.com','LIM CHENG CHIANG, LOUISS...','','louislim2@gmail.com',0,1,'2018-09-04 02:21:32.604513'),(74,'pbkdf2_sha256$120000$Bvjluk94zoIq$DoT3OWQQK6C01gtDMIpuHWZOf6O7s1KFlovOHACc/r8=','2019-04-15 06:40:12.352869',0,'hwh87109@gmail.com','HO WOON HAN, WILLIE...','','hwh87109@gmail.com',0,1,'2018-09-04 02:21:32.852836'),(75,'pbkdf2_sha256$120000$25FZPxa6tAqs$XAi+5RAU6BZfal2FTANNixgLOm1t4kIFoiGNKHM1+0U=','2019-04-15 07:25:23.187716',0,'badteam88@hotmail.com','NICKY FUN...','','badteam88@hotmail.com',0,1,'2018-09-04 02:21:33.087317'),(76,'pbkdf2_sha256$120000$NkFfnFaU6mk4$yMWD8aq6I4+sEOIll1jlj/LmaEhAh9+mI4NTUisgVbs=',NULL,0,'tj1313v@gmail.com','TEJINDER SINGH...','','tj1313v@gmail.com',0,1,'2018-09-04 02:21:33.316277'),(77,'pbkdf2_sha256$120000$nvKqHAod9LyU$+WEii/ZsgiofJbt9hgi9px3cx5kPakqe6oAtCsOmpdE=','2019-04-15 07:05:23.287443',0,'icrimsonx@me.com','MOHAMAD NOOR HISHAM BIN H...','','icrimsonx@me.com',0,1,'2018-09-04 02:21:33.534124'),(78,'pbkdf2_sha256$120000$S5thEVYwYLYX$ZWCNFOjuDkUpSrZ1L8AMtIWoWOJVfWG32d80B+L4rSo=','2019-07-04 03:10:53.392519',0,'kennethqcy@gmail.com','KENNETH QUEK CHUNG YEE...','','kennethqcy@gmail.com',0,1,'2018-09-04 02:21:33.766426'),(79,'pbkdf2_sha256$120000$vOUTyYcMXg0w$u+8gEYwyIvylXYh3OjVjPK+x/9/+yn1TyQJTLHpLMe0=','2019-04-01 13:54:19.594032',0,'kkhuenliew@gmail.com','LIEW K K...','','kkhuenliew@gmail.com',0,1,'2018-09-04 02:21:33.989890'),(80,'pbkdf2_sha256$120000$VnSVTMEsr4NS$phh4i3VgCH5SIuslBAaBiWAqnxKUsWWAgxfQniLLCbo=','2019-06-25 14:39:03.750739',0,'benny.liau@yahoo.com','BENNY LIAU YEW SOON...','','benny.liau@yahoo.com',0,1,'2018-09-04 02:21:34.247091'),(81,'pbkdf2_sha256$120000$yKf1Iyb2UENj$FwMnVyv4JYpbcq2AIORizCm/UyQMMdrYw+O8eDLdGTI=',NULL,0,'aimanofa@yahoo.com','SYED AZHAR BIN SYED AZIZU...','','aimanofa@yahoo.com',0,1,'2018-09-04 02:21:34.447290'),(82,'pbkdf2_sha256$120000$sBWyq4Ibf1V8$22mK9MNKjH0llqSPN8fUg90dcLCWzxCejHJ63ZtfsHo=','2019-07-12 03:55:27.460892',0,'Dthliat@gmail.com','DAVID TAN HENG LIAT...','','Dthliat@gmail.com',0,1,'2018-09-04 02:21:34.677910'),(83,'pbkdf2_sha256$120000$s9pweILP8Vqm$2kRGmkWUs1DsiS0kje+7m9M/05h7x+tZVV/CnN7I5Cc=',NULL,0,'diehard76@hotmail.com','SURESH A/L SANTHALINGAM...','','diehard76@hotmail.com',0,1,'2018-09-04 02:21:34.935129'),(84,'pbkdf2_sha256$120000$DbRox4LVCIzd$G9hSo+HzzE8ivRsmm3xiu6NJRzkxxQshYd07t/7rQ4Y=',NULL,0,'farahainihosnihussen@yahoo.com','FARAH AINI BINTI HOSNI HU...','','farahainihosnihussen@yahoo.com',0,1,'2018-09-04 02:21:35.206220'),(85,'pbkdf2_sha256$120000$6iB0ToxJ1HKE$HP9FMTep9tI3MlXaDmoxPO7cPo9/i/Bao4Jhkr+gzhE=',NULL,0,'lshlim.services@gmail.com','MICHAEL LIM SI HOE...','','lshlim.services@gmail.com',0,1,'2018-09-04 02:21:35.475120'),(86,'pbkdf2_sha256$120000$JEtNozrU0af7$Vpd4gR3I8QaiNeAmVHUowLqI1i3t8XNmKoVD/WPqTOA=',NULL,0,'candielikethat@gmail.com','SRIHARI SINGARAVEL...','','candielikethat@gmail.com',0,1,'2018-09-04 02:21:35.743162'),(87,'pbkdf2_sha256$120000$XEGov4uSarYi$ga/2LEDUiPEXuES9qVTbIJFQlD8pXfTPMqs/BCfYNMM=','2019-07-10 10:21:59.973067',0,'ye2wei@gmail.com','LIM YEE WEI...','','ye2wei@gmail.com',0,1,'2018-09-04 02:21:35.981753'),(88,'pbkdf2_sha256$120000$YznuloMgp0Ax$lvYUEMTiWqQIyYp65F3AkKg+ahAuLMTd9kS+oYxXmfE=',NULL,0,'rrnathan@deloitte.com','RAMESH RAMANATHAN A/L RAM...','','rrnathan@deloitte.com',0,1,'2018-09-04 02:21:36.192798'),(89,'pbkdf2_sha256$120000$WILZsh3OX6Wc$c8QCpShy85NtcucYALOhW97SYDvMtPFB0qhGKm5Pi/s=',NULL,0,'dhavk@yahoo.com','DHAVINDRA KUMARI A/P SUBR...','','dhavk@yahoo.com',0,1,'2018-09-04 02:21:36.435054'),(90,'pbkdf2_sha256$120000$qG4utgddAljI$vlfDO2VtBXele4o8sv++0aVchiMNx5rCQNOZvfGxVqg=','2018-12-29 01:08:52.653231',0,'kfcloh@gmail.com','LOH KOK FUNG...','','kfcloh@gmail.com',0,1,'2018-09-04 02:21:36.659557'),(91,'pbkdf2_sha256$120000$2jd4GnmVSCiF$3Fm+CapsvZPVrONSa2FFBKuff1kU9kC2SbL1pzxYoP8=','2018-10-25 01:26:13.192856',0,'redza.abdullah@outlook.com','REDZA TAN SRI ABDULLAH...','','redza.abdullah@outlook.com',0,1,'2018-09-04 02:21:36.986015'),(92,'pbkdf2_sha256$120000$IvWaPMqgVhGd$5GH4QZQP86fj6/pi579t3AsyQhN9rQydrEjHD41VCwI=','2018-09-25 08:42:05.877351',0,'Hoslina@yahoo.com','HOSLINA MOHD ARIP...','','Hoslina@yahoo.com',0,1,'2018-09-04 02:21:37.256330'),(93,'pbkdf2_sha256$120000$MYdthateWtnX$5WIdciecHrCtskEIqDrJH7YFg+BRNsItpfE+R7K9l8o=',NULL,0,'thteh49@gmail.com','TEH TEIK HOE...','','thteh49@gmail.com',0,1,'2018-09-04 02:21:37.513528'),(94,'pbkdf2_sha256$120000$T9SZ90aihliu$ZpgTPlU6NNRYc4C3OnLVmmmm37xi3rX3ANitprXiepc=','2018-12-17 01:33:13.891274',0,'sitjau@gmail.com','TAN SIT JAU / SJ...','','sitjau@gmail.com',0,1,'2018-09-04 02:21:37.787897'),(95,'pbkdf2_sha256$120000$UMYZtDSK5R0O$adNC5p556Hus5tJhM5DVTEiUlWY6Q5fce1kNJXZJe6k=',NULL,0,'bj.pun@primolifestyle.com.my','PUN BOON JIUNN / BJ...','','bj.pun@primolifestyle.com.my',0,1,'2018-09-04 02:21:38.067184'),(96,'pbkdf2_sha256$120000$I9lS9uFeLH4P$M7cTNMwomxcKsKx8kLnr3/ijCInQTSASvhq8kwNLMls=','2019-06-25 14:41:51.979793',0,'doctorofzealonomics@yahoo.co.uk','ERIC GIDEON...','','doctorofzealonomics@yahoo.co.uk',0,1,'2018-09-04 02:21:38.316545'),(97,'pbkdf2_sha256$120000$bAWKrDQXjWf3$XPRc5c7aCPhMRkPBNQwHeIxVBPxsMSw0cb8EtKB/ulI=','2018-09-25 09:11:34.297507',0,'navinn73@hotmail.com','NAVIN DEVAGARAM...','','navinn73@hotmail.com',0,1,'2018-09-04 02:21:38.578287'),(98,'pbkdf2_sha256$120000$ZppjtiG0hhxX$sjt85EUWm46gc4xfRFJJMAZEO+72V/+pq4crkbkfJJA=','2018-09-27 00:23:35.722864',1,'yam.dennis@gmail.com','DENNIS YAM WEI KHEN...','','yam.dennis@gmail.com',1,1,'2018-09-04 02:21:38.000000'),(99,'pbkdf2_sha256$120000$XJyWHMtfKSc1$fprXOSvJusOC0E13lw5jVQSxtWvRsculu+KPoSU4L3c=','2019-01-14 02:24:06.443248',0,'ecp030@yahoo.com.my','SUHAIRI SAMSUDIN...','','ecp030@yahoo.com.my',0,1,'2018-09-04 02:21:39.056218'),(100,'pbkdf2_sha256$120000$wYAukFdrDK2X$Dzsbvbac8L7r0fOJITd+4MUckDVIZ/6FMFMB1vIKm4U=','2018-09-25 10:48:19.843156',0,'abangk@yahoo.com','KHAIRI HJ AKSAN...','','abangk@yahoo.com',0,1,'2018-09-04 02:21:39.276294'),(101,'pbkdf2_sha256$120000$gEfxCLcT3anu$QJR5L53La9AYOpc/uZW/d9rRB7oQvmmdtm2DN04S8iY=','2018-09-26 10:45:09.488642',0,'teetingleong@gmail.com','TEE TING LEONG...','','teetingleong@gmail.com',0,1,'2018-09-04 02:21:39.510919'),(102,'pbkdf2_sha256$120000$gxguNheZ3l13$EkI9yQNIIABhhgkzdh2NNIsAyIWakt6UqpNcaZ/YjPg=','2018-12-07 01:06:49.982130',0,'engkuaziz2014@gmail.com','ENGKU AZIZ BIN CHE ENGKU ...','','engkuaziz2014@gmail.com',0,1,'2018-09-04 02:21:39.787096'),(103,'pbkdf2_sha256$120000$5OVweY9PLSaX$sGQBlhgPp9GXTZOPEM3MmDIIqLcjxyMc1DkRMeTFOJo=','2018-12-28 02:23:51.282724',0,'sjfoo79@yahoo.com','FOO SAIK JIANG...','','sjfoo79@yahoo.com',0,1,'2018-09-04 02:21:40.027206'),(104,'pbkdf2_sha256$120000$6T5ez5xdPyKz$0iAqLdQsIlqUyHPXfSgpps8wKOKjw5W3xVT5V6cBhjo=','2019-04-13 00:42:42.368035',0,'gantz52@gmail.com','MUHAMMAD FARHAN BIN MOHAM...','','gantz52@gmail.com',0,1,'2018-09-04 02:21:40.304510'),(105,'pbkdf2_sha256$120000$GYrjdQ6JZWis$L7TZtndSLtLOLEn9uxu+L5UvDT8oUb08EnBMx78j7BY=','2019-01-14 09:53:50.432622',0,'juelie_koh@yahoo.com','JUELIE KOH UNG UNG...','','juelie_koh@yahoo.com',0,1,'2018-09-04 02:21:40.513932'),(106,'pbkdf2_sha256$120000$TxmXbbfuo5ux$nwHFybhHmFKMN9FbZJK1FUsnPKenK3m8Y50ceL3jo6o=',NULL,0,'tayteckseong@gmail.com','SEAN TAY TECK SEONG...','','tayteckseong@gmail.com',0,1,'2018-09-04 02:21:40.736534'),(107,'pbkdf2_sha256$120000$CRMfBPo7D8TV$ZArTjKVjUH+8OaEY59qqyXg/KBHb9OrKJ35eO9siXoA=','2019-01-14 01:24:51.716818',0,'susanchin69@yahoo.com','SUSAN CHIN...','','susanchin69@yahoo.com',0,1,'2018-09-04 02:21:40.958544'),(108,'pbkdf2_sha256$120000$ISKagm9lRBGw$yd0NlCbW4lTJhVZm5HZr6Nf3tTc2278EGLosc0k148M=',NULL,0,'fadique02@yahoo.com','ASHIDDIQUE FAIZAL BIN OSM...','','fadique02@yahoo.com',0,1,'2018-09-04 02:21:41.208630'),(109,'pbkdf2_sha256$120000$J6aM6WRkHMy9$pr5EcZlS0j2pgqXZ8gie83xhlEun4xKhwInmRz1IUS4=','2019-06-03 11:05:44.490631',0,'lita_wwf66@yahoo.com','PRISCILLA OH GIAT ENG...','','lita_wwf66@yahoo.com',0,1,'2018-09-04 02:21:41.466649'),(110,'pbkdf2_sha256$120000$09BQnnxa2VTE$sGKmGOzKM/APNkK1k0atrT+PkklG0E7i2TxOJKhy2Vw=',NULL,0,'ruhaizal6017@gmail.com','MOHD RUHAIZAL MOHD ZAINUD...','','ruhaizal6017@gmail.com',0,1,'2018-09-04 02:21:41.668748'),(111,'pbkdf2_sha256$120000$DWKplPtOeLup$ezQ3qarKCd5D8CNgie+A0cr3qkRDGNw1Chy5MrDRNdA=',NULL,0,'zakryzainuddin@gmail.com','ZAKRY ZAINUDDIN...','','zakryzainuddin@gmail.com',0,1,'2018-09-04 02:21:41.892729'),(112,'pbkdf2_sha256$120000$E9spuMpBGqmb$uybDFihBGqyaK2BqHeSxRQoRmXIidMjtapnhR74NirU=','2018-10-16 01:03:46.035703',0,'jishuvicky@gmail.com','VICKY LEE JI SHU...','','jishuvicky@gmail.com',0,1,'2018-09-04 02:21:42.130542'),(113,'pbkdf2_sha256$120000$odoY4l3e5D7c$eImVjxUZaYi4J9g0/5njc6XiO7Do5O6L0INUXJ0Xqdw=','2019-01-14 01:10:17.092524',0,'samkah@gmail.com','TAN KAH MENG...','','samkah@gmail.com',0,1,'2018-09-04 02:21:42.361200'),(114,'pbkdf2_sha256$120000$Bze1hRSTYH2V$IDxUAUTBwnT9HJz+FYeZT+TGI3SQUd7tRHi+z8yaVGg=','2018-10-12 00:19:47.628054',0,'alankwongsf@jasmine.com.my','KWONG SOON FATT...','','alankwongsf@jasmine.com.my',0,1,'2018-09-04 02:21:42.583133'),(115,'pbkdf2_sha256$120000$X5BShVMZEAep$lrEDaqRP7zSNFZfGpuJQJUVG4iLhKwAOXREsq+1OnD4=','2019-09-19 04:20:53.663724',0,'fendifid@yahoo.com','MOHD AFFENDI MAJID...','','fendifid@yahoo.com',0,1,'2018-09-04 02:21:42.823117'),(116,'pbkdf2_sha256$120000$RpaPlZpo70iE$XJobToIxJXjf7HKZiFhR/TofF3JBD8AcLA/y1NP53ps=','2018-12-27 15:10:30.515768',0,'killer_khor@hotmail.com','KHOR WENG YEE ...','','killer_khor@hotmail.com',0,1,'2018-09-04 02:21:43.046853'),(117,'pbkdf2_sha256$120000$04h8aeHKHKyB$y9uCVKbF4kqlPElAbeYlUJp7V/9sT/v7XkTQIqYYPAs=','2018-10-12 00:51:42.007202',0,'asmah07@gmail.com','ASMAH BINTI ABD RAHMAN...','','asmah07@gmail.com',0,1,'2018-09-04 02:21:43.267729'),(118,'pbkdf2_sha256$120000$DI7UvUYkMllC$yk49Vh5CoOx2IoesokM5Ks2hI+zU+6IaOFYIpB+IL8Y=','2019-04-01 03:06:02.917717',0,'haneef1702@gmail.com','NOORHANEEF BIN BAHARUDDIN...','','haneef1702@gmail.com',0,1,'2018-09-04 02:21:43.527152'),(119,'pbkdf2_sha256$120000$InAvJT231TRS$MBfU14XbyxLWwVOE8WVSkQfYYrLyojJr6a2WjnjcTdU=','2018-10-12 00:57:53.539421',0,'lohwen89@gmail.com','ALEX LOH WEN HANN...','','lohwen89@gmail.com',0,1,'2018-09-04 02:21:43.769403'),(120,'pbkdf2_sha256$120000$Q0BKPRGjfVW8$nYrdEZUKu4EImi/1zkfF81B2S/TbTMXz/5N9n5IR1Cs=','2019-01-07 10:55:20.668176',0,'ngkimchu@gmail.com','NG KIM CHU...','','ngkimchu@gmail.com',0,1,'2018-09-04 02:21:44.013446'),(121,'pbkdf2_sha256$120000$WHfhD3v5ecZo$/fc0U6wHe3bPT/Xb2U2KRnfc5Zuo32d+NVxVHsQNkLI=','2019-06-14 12:39:55.635026',0,'henryteo@gmail.com','HENRY TEO HAN LEON...','','henryteo@gmail.com',0,1,'2018-09-04 02:21:44.247182'),(122,'pbkdf2_sha256$120000$d7J3nzHBTeQS$8/4L7Xu5wSCQ6/OCum3minGi0Iiez+ipWn4fMkL5yG0=',NULL,0,'eddylee8080@gmail.com','EDDY LEE YEW MUN...','','eddylee8080@gmail.com',0,1,'2018-09-04 02:21:44.494287'),(123,'pbkdf2_sha256$120000$Cw1o0H9vNOF8$VPNRodeyIkPpnCe9zern0XSqddHLuVk8kLKiXt4WZfc=',NULL,0,'sarepdol5939@gmail.com','MOHAMAD SHARIF HAFIZ BIN ...','','sarepdol5939@gmail.com',0,1,'2018-09-04 02:21:44.752217'),(124,'pbkdf2_sha256$120000$zlf5GvKFLqlI$R6Tb+QJ/bZCFwhjNYrq0u8dfcP0kVvHzsJBn1QLuZvo=','2018-10-17 05:54:41.594591',0,'jk_powerup@yahoo.com','JEYAKANTH A/L SANTRAKANDM...','','jk_powerup@yahoo.com',0,1,'2018-09-04 02:21:45.009705'),(125,'pbkdf2_sha256$120000$sZLwDMZ6XzuI$8BIBsXEN0JzExQ8X5Hd5Sz/rxfZmNtbIraxZig4XBpE=','2018-12-27 15:05:40.737932',0,'natzakaria@gmail.com','ZAINAL ZAKARIA...','','natzakaria@gmail.com',0,1,'2018-09-04 02:21:45.228672'),(126,'pbkdf2_sha256$120000$voUgEVgbZS7s$21A8lHkWfRk06uAK/37/eUydpBaFPD3XP9941CtsP9I=',NULL,0,'mashraffmali@yahoo.com','MOHAMED ASHRAFF BIN DR MO...','','mashraffmali@yahoo.com',0,1,'2018-09-04 02:21:45.463138'),(127,'pbkdf2_sha256$120000$SGbEpupKWm2o$gfwL7uoJmrOMDxs2Yezdf0J6AiAE2NPkgol/DsXo//Y=',NULL,0,'schoolofdrum@icloud.com','AARON CHIN YOON YIH...','','schoolofdrum@icloud.com',0,1,'2018-09-04 02:21:45.707125'),(128,'pbkdf2_sha256$120000$ENAUgM38eavO$NGlx9qPNKzO09K6n4+OqPlFS/MG0xRVlsEqF5Rc4v7c=','2018-10-29 12:40:24.083758',0,'meounz@gmail.com','MOHD AZLEE BIN MOHD NOOR...','','meounz@gmail.com',0,1,'2018-09-04 02:21:45.930838'),(129,'pbkdf2_sha256$120000$a25ilsjrqm6E$JzVYD5PshMimH0awAc2I1hF3yk3zynClLBxD6lb9Fi0=',NULL,0,'mattzphg@gmail.com','INTAN NOOR HANIM BT ABD R...','','mattzphg@gmail.com',0,1,'2018-09-04 02:21:46.191239'),(130,'pbkdf2_sha256$120000$I9aoUfFc3m02$nvpVvFpdGoJ6dqnHosIeR9Oh/6S3x4pq0i8TRHE7uVc=','2019-07-02 05:20:12.039448',0,'tanianchun@hotmail.com','TAN IAN CHUN...','','tanianchun@hotmail.com',0,1,'2018-09-04 02:21:46.439132'),(131,'pbkdf2_sha256$120000$CRNGNzCxjRb6$fWPFJktj8SyIO3vQJNzrgHVBiDx8GlL8Bm2fsnAV/Ow=','2018-12-28 02:23:48.662747',0,'amiriza@gmail.com','MUHAMMAD AMIR IZHAR BIN M...','','amiriza@gmail.com',0,1,'2018-09-04 02:21:46.000000'),(132,'pbkdf2_sha256$120000$7an7Bjb3Zs5W$tDafkR5D5qCwEjPVIkzajtoq9XK3S9Csk6GNc8LLZ+A=','2018-09-27 14:21:18.082810',0,'aziz6346@gmail.com','ABD AZIZ BIN OSMAN...','','aziz6346@gmail.com',0,1,'2018-09-04 02:21:46.907398'),(133,'pbkdf2_sha256$120000$PuRFRLOYpI8j$cuhFL5Ol37D6xhMQVP3D0IqIHFDIqYcu5q5r30JvRnk=','2018-12-11 13:40:57.303970',0,'kiran.das@gmail.com','KIRAN DAS...','','kiran.das@gmail.com',0,1,'2018-09-04 02:21:47.131392'),(134,'pbkdf2_sha256$120000$vfLe9yoKtleM$CQxFaraky6mKZv+TOMQX+CRBmYonQmMC/J9594OAT38=','2019-07-14 16:28:43.983599',0,'james-bond-00700@hotmail.com','YAP JAMES...','','james-bond-00700@hotmail.com',0,1,'2018-09-04 02:21:47.378224'),(135,'pbkdf2_sha256$120000$KkUZ5CQ0QMX1$oMTZ2FiJ+09q5i8i6DXOCH8G2Y0PepXQDRypx6kPWHA=','2019-01-14 03:41:10.264848',0,'kelvin@ableidea.asia','LOW TZE SHIN (KELVIN)...','','kelvin@ableidea.asia',0,1,'2018-09-04 02:21:47.635136'),(136,'pbkdf2_sha256$120000$baENpJu2UTb7$QcbhktTkGNCPrzwtlJTYXCM2ZdpeK2XoDHU+EDJQyGc=','2018-09-26 11:22:36.814843',0,'ongyi_92@hotmail.com','ONG YI...','','ongyi_92@hotmail.com',0,1,'2018-09-04 02:21:47.860468'),(137,'pbkdf2_sha256$120000$3hms0mHr3U5w$/awBjvxVtiiaSbBKh6SByLLHfzIJ/dP87NH7soUHqDE=','2019-12-09 03:17:24.678943',0,'gecarriage','GE CARRIAGE','','',0,1,'2018-09-04 02:26:23.000000'),(138,'pbkdf2_sha256$120000$7002Tmnif62Y$EYXs+hOjx7JbTuZiu3M9pyGbVfWXjPWkJwouofgoYyw=','2018-09-18 05:12:19.418465',0,'cseuro','CS EURO','','',0,1,'2018-09-04 02:27:10.000000'),(139,'pbkdf2_sha256$120000$pFd3mLtbvoz4$FHB/LmGmP4ycT+IETFcDMUr9ovbePMzsp04t7FtwfNY=',NULL,0,'advantspeed','ADVANTSPEED','','',0,1,'2018-09-04 02:27:50.000000'),(140,'pbkdf2_sha256$120000$wordPOrmR8yo$aAsvvGVYGfyhK+SSE9vV0hU/T0x05jqSM3pIYVEE5R8=','2019-07-11 07:26:36.441487',0,'jbang@live.com.my','JOSEPH BANG CHUNG HUI','','jbang@live.com.my',0,1,'2018-09-20 01:02:41.582123'),(141,'pbkdf2_sha256$120000$zLdeTE4Za04n$3yIWi9bKSLk2/mfIuHHpQo1oswBgalNzIGZwpNBFDZ8=','2018-09-26 13:47:18.126138',0,'mohd.shaheen@gmail.com','MOHD SHAHEEN BIN HAJA RAF...','','mohd.shaheen@gmail.com',0,1,'2018-09-25 07:24:07.712275'),(142,'pbkdf2_sha256$120000$WZXD5AP1Xr98$Y06WRn18iFBLFgkD/bid6jAA0i1bIx3uRQRPwag6DbU=','2019-09-13 13:21:10.469572',1,'loonsan8@gmail.com','JUSTIN WONG','','loonsan8@gmail.com',1,1,'2018-09-25 08:35:52.000000'),(143,'pbkdf2_sha256$120000$WK4AlGuvXLAX$qsDSyZfTdbHsMFRlwENlfygFhZicBfK4vb/FA12SY1U=',NULL,0,'mindycheah79@yahoo.com','MINDY CHEAH CHING YEE','','mindycheah79@yahoo.com',0,1,'2018-10-12 06:16:14.658845'),(144,'pbkdf2_sha256$120000$wjDUygMeGNPs$8megcZo8bzusGgiVqnlOYHr+SjZG13XeHcFlJh5hIXw=',NULL,0,'ajityazet0@gmail.com','YAZET B. SURAJI','','ajityazet0@gmail.com',0,1,'2018-10-16 07:31:35.024049'),(145,'pbkdf2_sha256$120000$aZqI8etgv2rG$i2kqdkYfM9YmTJ2rTXAPozM4P8hXF9YPNUSmuwSClVw=',NULL,0,'yap890914@gmail.com','YAP LUI KONG','','yap890914@gmail.com',0,1,'2018-11-23 06:37:45.546611'),(146,'pbkdf2_sha256$120000$J5nsLcgOM4to$8gfk1tsr6KtPnJs38+VNLSogzQvnQ+t4kdDAGyNBAqI=',NULL,0,'hazrul@gmail.com','HAZRUL KAMALUDIN','','hazrul@gmail.com',0,1,'2018-11-24 06:19:01.997074'),(148,'pbkdf2_sha256$120000$0nOMxjCKO5HN$Ji0kPUSa05arZp70+wi5lk2JsAU80/T3tdO4m0PQjyo=',NULL,0,'kahyoong1711@gmail.com','KHOO KAH YOONG','','kahyoong1711@gmail.com',0,1,'2018-12-28 10:01:11.986037'),(150,'pbkdf2_sha256$120000$KOXO1lO0eFwh$I1QduppuY2FeVewxYxxk/ZWNpTD6ObjRv0szTql2xiQ=','2019-01-15 06:14:11.735630',0,'zoukmh@yahoo.com','MARZUKIFLI B MOHAMED','','zoukmh@yahoo.com',0,1,'2018-12-29 01:53:16.630268'),(151,'pbkdf2_sha256$120000$43DvoEAvqJ3q$vJ4+Nmp9ok8jtige01I6BeAK6vqXGNmr0lC6xzKKO/U=','2019-04-11 13:15:44.558185',0,'Cancer.0624@hotmail.com','LOW HAN YUAN','','Cancer.0624@hotmail.com',0,1,'2019-01-14 13:52:07.439021'),(152,'pbkdf2_sha256$120000$bRI14moxopD4$ClmBn1zVzs3Tecg8Aa3xTcUrQQkrI5cxm59Jq7XvTr4=',NULL,0,'quesolution@gmail.com','NOR AZHADI NGAH','','quesolution@gmail.com',0,1,'2019-01-14 14:05:41.279235'),(153,'pbkdf2_sha256$120000$xtGDbmmQcmCJ$HOhIQDMuq/1SXqoIh7sEF1yZ41pUFO/UBYFt/mkV4jw=',NULL,0,'kellvin.wong@mcsystem.my','WONG MUN CHYE','','kellvin.wong@mcsystem.my',0,1,'2019-01-14 15:14:09.159284'),(154,'pbkdf2_sha256$120000$tAHl2ABjVJpH$OzUjbv26Wmn4ss4yxlqzK70VkiRhCxcQVE+BIWgppAA=','2019-01-15 06:07:54.071676',0,'kelvinng01@hotmail.com','NG KOK HOE','','kelvinng01@hotmail.com',0,1,'2019-01-15 02:01:59.180003'),(155,'pbkdf2_sha256$120000$4La9TVmnfsWc$ZSZwar6WPXk6wa8YQW3dL+Kvn+2aLFL0HddVYiYRCU8=','2019-03-02 03:31:45.440680',0,'harrykoh168@gmail.com','HARRY KOH','','harrykoh168@gmail.com',0,1,'2019-01-15 07:01:58.472520'),(156,'pbkdf2_sha256$120000$P3X4JJfMQ26G$7E0M80I8NXIdA0KQBXRR2dq/l+Z0ItZ+880944P1rjw=','2019-04-01 00:25:00.614437',0,'rafizrahman@yahoo.com','MOHD RAFIZ BIN ABDUL RAHM...','','rafizrahman@yahoo.com',0,1,'2019-01-25 15:38:46.658321'),(157,'pbkdf2_sha256$120000$BmmVOnUBiLF7$Ojl4wKr2XwxbnnBG9X0mCAFa7KqgA2KghdFBWwhWw5I=',NULL,0,'pinseah@gmail.com','KUAN PIN SEAH','','pinseah@gmail.com',0,1,'2019-02-01 05:18:50.097298'),(158,'pbkdf2_sha256$120000$4va58WIjs3V8$I1Y/qaTu6H/OPJu7iSa0Vfbf51hd1eKIcCdbpBrDlNM=',NULL,0,'dasan@iaays.com.my','DASAN THANAM DIVEAN','','dasan@iaays.com.my',0,1,'2019-02-18 10:35:05.150874'),(161,'pbkdf2_sha256$120000$FQRyiJjGscjC$glJWyIjty9I8UahBrNVA3Ywk2iEvlC1O6GpRmo67220=','2019-06-12 06:50:51.234296',0,'reno0925@gmail.com','TAN MIN HONG','','reno0925@gmail.com',0,1,'2019-04-17 02:19:28.362371'),(163,'pbkdf2_sha256$120000$4Hzj1yf35ACr$SE1IL2Pfd/R9Z8JVI4dEfTbXCz58x/9JzEXYKdZhs6I=','2019-05-29 22:06:33.423796',0,'suhaimi.embong@gmail.com','MOHD SUHAIMI EMBONG','','suhaimi.embong@gmail.com',0,1,'2019-05-17 00:38:28.337037'),(164,'pbkdf2_sha256$120000$lm2sV99gh6me$ABjn8z2taw5p7k5qCQSWSKMKH385LbxvSR0wNQkEh3Y=',NULL,0,'chiean2000@gmail.com','CHOO LI CHIEAN','','chiean2000@gmail.com',0,1,'2019-05-17 11:43:34.477978'),(165,'pbkdf2_sha256$120000$rpKmm0tbIeQg$0cPz/WgfUYjhq/3XbQElkhg2dzorh864dGRY9wPNJgc=',NULL,0,'farids.enterprise@gmail.com','MOHD FARID BIN YUNOS','','farids.enterprise@gmail.com',0,1,'2019-05-21 16:45:29.558840'),(166,'pbkdf2_sha256$120000$A5dZTScoSpLc$wvVqP88mJWdF3gixy3W1fSPyNv2Tg49xmWQRU5X2j2c=',NULL,0,'JosephLim1@gmail.com','JOSEPH LIM CHENG LEONG','','JosephLim1@gmail.com',0,1,'2019-05-26 10:28:57.033057'),(167,'pbkdf2_sha256$120000$1nBDqmtxLXwW$D1SJ2aSDiU76Rw931D0t3Ux8d3DwmnfquoftTuFjcxE=',NULL,0,'fxraymond@yahoo.com.au','RAYMOND SOOSAIRAJA FRANCI...','','fxraymond@yahoo.com.au',0,1,'2019-05-30 14:10:44.827821'),(168,'pbkdf2_sha256$120000$ppOO9yHL0y0Z$wpH9yMG8mX9DW4C3DVjeuWASyWO+uKUSb/9i0jfW55k=',NULL,0,'azhar_pagoh@yahoo.com','AZHARUDDIN ISNIN','','azhar_pagoh@yahoo.com',0,1,'2019-05-31 04:16:10.141466'),(170,'pbkdf2_sha256$120000$FxMjlsaTGP1i$w23AQQRB/4MPvcwZNZoorgqHK3kCfte0AeuaF4VHE/4=','2019-06-25 15:29:30.295719',0,'alankyeong@live.com','YEONG KEAT LENG','','alankyeong@live.com',0,1,'2019-06-24 06:03:04.720742'),(171,'pbkdf2_sha256$120000$x3dxDdO9Nc8S$z3FhTQkj7WiFiOQMtPVf4sm9csL+qePJ5ClmXo009fs=',NULL,0,'benny.liau8@gmail.com','BENNY LIAU YEW SOON','','benny.liau8@gmail.com',0,1,'2019-06-25 13:20:24.580828'),(172,'pbkdf2_sha256$120000$l0Og9p8OHYdR$sEz+pORsOEadI7wgRfCHR96WV4oI9mjhzARRgT0IgOk=',NULL,0,'pkhtan@hotmail.com','TAN KEAK HUAT PETER','','pkhtan@hotmail.com',0,1,'2019-08-03 01:24:20.550330'),(173,'pbkdf2_sha256$120000$jrO0AMAtz87q$ZnC1NmsvoUz3sIoFdpHGnzOvEsz7XdsJMB7ZBYHL31A=',NULL,0,'peter.tan@live.com.my','TAN KEAK HUAT PETER','','peter.tan@live.com.my',0,1,'2019-08-03 01:28:22.048632'),(174,'pbkdf2_sha256$120000$1tF8kdhUG3p9$uOEHKfjikDBNbIQJY22Qyx1uKMRigzkQ15ea+0PksBg=',NULL,0,'devahariharan.shanker@gmail.com','DEVA HARIHARAN','','devahariharan.shanker@gmail.com',0,1,'2019-08-13 13:06:32.455320'),(175,'pbkdf2_sha256$120000$1pNCf7kMoPot$c2fcomd0aS5erI+6/6L/0zV1L/bVY0ebVFdsCoMMv7w=',NULL,0,'ryansiow@rentalanns.com','SIOW CHYAN CHERNG (RYAN)','','ryansiow@rentalanns.com',0,1,'2019-08-22 03:32:34.743605'),(176,'pbkdf2_sha256$120000$qBIoVbTFw1z1$HnZZnDPhVKVJJgVW3TeElCEpCUWP4PLhek//q5UugfI=','2019-10-01 06:55:13.485695',0,'nita_fauzi@yahoo.com','NOORANITA BINTI MUSTAPHA','','nita_fauzi@yahoo.com',0,1,'2019-09-26 02:37:35.200648'),(177,'pbkdf2_sha256$120000$jbPk9jTIdHWA$28NuVQThwxlapBJTy+3g7xId2VBlbFdzikI1WRcpmJs=',NULL,0,'hafiz.zin@gmail.com','MOHD HAFIZ MOHD ZIN','','hafiz.zin@gmail.com',0,1,'2019-10-10 00:18:26.959089'),(178,'pbkdf2_sha256$120000$HYL89AcsacrE$mLRGB3YdLr3iiiHJMuvQPimJ27qk5vikgzrUuyJuAAQ=','2019-11-29 04:01:22.213962',0,'udhventure','UDH Venture','','udhventures11@gmail.com',0,1,'2019-10-25 13:52:15.000000'),(179,'pbkdf2_sha256$120000$4w8nFkAwA0Wg$rEH+KMZPOt8pL2RDulR27uitIBdfLpXFG9wqUkoZ/q0=',NULL,0,'vincelim.uy@gmail.com','LIM YEW WAI','','vincelim.uy@gmail.com',0,1,'2019-11-01 08:34:47.063731'),(180,'pbkdf2_sha256$120000$Gl2lfuLfBmRO$fRaMtHYHOXzclDx44vitxH05NoNzI9dGH+ER4PKdsQA=','2019-11-19 03:29:22.394292',0,'lkc5685@gmail.com','FOO YEAN CHING','','lkc5685@gmail.com',0,1,'2019-11-18 12:10:54.476994'),(181,'pbkdf2_sha256$120000$4fE0CCUZexYw$Pl/Sne+/gDoqrGNK7M7S2WXkyqoV0jnEih6sqvDde9o=',NULL,0,'mdkhaizani@gmail.com','MD KHAIZANI BIN RAMLI','','mdkhaizani@gmail.com',0,1,'2019-11-22 13:12:54.494168'),(182,'pbkdf2_sha256$120000$N2QVkYXvf2QT$l3AEEuSWFzchY3yG/Z2XzSW874Z6AkNja78IQkabiDQ=',NULL,0,'faizulmn@gmail.com','NOR FAIZUL BIN MOHD NOOR','','faizulmn@gmail.com',0,1,'2019-11-29 05:19:48.519076');
/*!40000 ALTER TABLE `auth_user` ENABLE KEYS */;
UNLOCK TABLES;

--
-- Table structure for table `auth_user_groups`
--

DROP TABLE IF EXISTS `auth_user_groups`;
/*!40101 SET @saved_cs_client     = @@character_set_client */;
/*!40101 SET character_set_client = utf8 */;
CREATE TABLE `auth_user_groups` (
  `id` int(11) NOT NULL AUTO_INCREMENT,
  `user_id` int(11) NOT NULL,
  `group_id` int(11) NOT NULL,
  PRIMARY KEY (`id`),
  UNIQUE KEY `auth_user_groups_user_id_group_id_94350c0c_uniq` (`user_id`,`group_id`),
  KEY `auth_user_groups_group_id_97559544_fk_auth_group_id` (`group_id`),
  CONSTRAINT `auth_user_groups_group_id_97559544_fk_auth_group_id` FOREIGN KEY (`group_id`) REFERENCES `auth_group` (`id`),
  CONSTRAINT `auth_user_groups_user_id_6a12ed8b_fk_auth_user_id` FOREIGN KEY (`user_id`) REFERENCES `auth_user` (`id`)
) ENGINE=InnoDB AUTO_INCREMENT=208 DEFAULT CHARSET=utf8;
/*!40101 SET character_set_client = @saved_cs_client */;

--
-- Dumping data for table `auth_user_groups`
--

LOCK TABLES `auth_user_groups` WRITE;
/*!40000 ALTER TABLE `auth_user_groups` DISABLE KEYS */;
INSERT INTO `auth_user_groups` VALUES (1,2,1),(141,2,2),(142,2,3),(3,4,1),(4,5,1),(157,5,2),(158,5,3),(5,6,1),(147,6,2),(148,6,3),(6,7,1),(143,7,2),(144,7,3),(7,8,1),(8,9,1),(161,9,2),(162,9,3),(9,10,1),(10,11,1),(11,12,1),(12,13,1),(13,14,1),(14,15,1),(15,16,1),(16,17,1),(153,17,2),(154,17,3),(17,18,1),(18,19,1),(19,20,1),(20,21,1),(21,22,1),(22,23,1),(23,24,1),(24,25,1),(25,26,1),(26,27,1),(27,28,1),(28,29,1),(29,30,1),(30,31,1),(31,32,1),(163,32,2),(164,32,3),(32,33,1),(33,34,1),(34,35,1),(35,36,1),(36,37,1),(37,38,1),(149,38,2),(150,38,3),(38,39,1),(39,40,1),(40,41,1),(41,42,1),(42,43,1),(43,44,1),(44,45,1),(45,46,1),(46,47,1),(47,48,1),(139,48,2),(140,48,3),(48,49,1),(49,50,1),(50,51,1),(51,52,1),(52,53,1),(53,54,1),(155,54,2),(156,54,3),(54,55,1),(55,56,1),(56,57,1),(57,58,1),(58,59,1),(59,60,1),(60,61,1),(61,62,1),(62,63,1),(63,64,1),(64,65,1),(65,66,1),(66,67,1),(67,68,1),(68,69,1),(69,70,1),(70,71,1),(159,71,2),(160,71,3),(71,72,1),(72,73,1),(73,74,1),(74,75,1),(75,76,1),(76,77,1),(77,78,1),(78,79,1),(79,80,1),(80,81,1),(81,82,1),(82,83,1),(83,84,1),(84,85,1),(85,86,1),(86,87,1),(87,88,1),(88,89,1),(89,90,1),(90,91,1),(91,92,1),(92,93,1),(93,94,1),(94,95,1),(95,96,1),(96,97,1),(97,98,1),(145,98,2),(146,98,3),(98,99,1),(99,100,1),(100,101,1),(101,102,1),(102,103,1),(103,104,1),(104,105,1),(105,106,1),(106,107,1),(107,108,1),(108,109,1),(109,110,1),(110,111,1),(111,112,1),(112,113,1),(113,114,1),(114,115,1),(115,116,1),(116,117,1),(117,118,1),(118,119,1),(119,120,1),(120,121,1),(121,122,1),(122,123,1),(123,124,1),(124,125,1),(125,126,1),(126,127,1),(127,128,1),(128,129,1),(129,130,1),(130,131,1),(131,132,1),(132,133,1),(133,134,1),(134,135,1),(135,136,1),(136,137,3),(137,138,3),(138,139,3),(165,140,1),(166,141,1),(167,142,1),(168,142,2),(169,142,3),(170,143,1),(171,144,1),(172,145,1),(173,146,1),(175,148,1),(177,150,1),(178,151,1),(179,152,1),(180,153,1),(181,154,1),(182,155,1),(183,156,1),(184,157,1),(185,158,1),(186,161,1),(188,163,1),(189,164,1),(190,165,1),(191,166,1),(192,167,1),(193,168,1),(195,170,1),(196,171,1),(197,172,1),(198,173,1),(199,174,1),(200,175,1),(201,176,1),(202,177,1),(203,178,3),(204,179,1),(205,180,1),(206,181,1),(207,182,1);
/*!40000 ALTER TABLE `auth_user_groups` ENABLE KEYS */;
UNLOCK TABLES;

--
-- Table structure for table `auth_user_user_permissions`
--

DROP TABLE IF EXISTS `auth_user_user_permissions`;
/*!40101 SET @saved_cs_client     = @@character_set_client */;
/*!40101 SET character_set_client = utf8 */;
CREATE TABLE `auth_user_user_permissions` (
  `id` int(11) NOT NULL AUTO_INCREMENT,
  `user_id` int(11) NOT NULL,
  `permission_id` int(11) NOT NULL,
  PRIMARY KEY (`id`),
  UNIQUE KEY `auth_user_user_permissions_user_id_permission_id_14a6b632_uniq` (`user_id`,`permission_id`),
  KEY `auth_user_user_permi_permission_id_1fbb5f2c_fk_auth_perm` (`permission_id`),
  CONSTRAINT `auth_user_user_permi_permission_id_1fbb5f2c_fk_auth_perm` FOREIGN KEY (`permission_id`) REFERENCES `auth_permission` (`id`),
  CONSTRAINT `auth_user_user_permissions_user_id_a95ead1b_fk_auth_user_id` FOREIGN KEY (`user_id`) REFERENCES `auth_user` (`id`)
) ENGINE=InnoDB DEFAULT CHARSET=utf8;
/*!40101 SET character_set_client = @saved_cs_client */;

--
-- Dumping data for table `auth_user_user_permissions`
--

LOCK TABLES `auth_user_user_permissions` WRITE;
/*!40000 ALTER TABLE `auth_user_user_permissions` DISABLE KEYS */;
/*!40000 ALTER TABLE `auth_user_user_permissions` ENABLE KEYS */;
UNLOCK TABLES;

--
-- Table structure for table `django_admin_log`
--

DROP TABLE IF EXISTS `django_admin_log`;
/*!40101 SET @saved_cs_client     = @@character_set_client */;
/*!40101 SET character_set_client = utf8 */;
CREATE TABLE `django_admin_log` (
  `id` int(11) NOT NULL AUTO_INCREMENT,
  `action_time` datetime(6) NOT NULL,
  `object_id` longtext,
  `object_repr` varchar(200) NOT NULL,
  `action_flag` smallint(5) unsigned NOT NULL,
  `change_message` longtext NOT NULL,
  `content_type_id` int(11) DEFAULT NULL,
  `user_id` int(11) NOT NULL,
  PRIMARY KEY (`id`),
  KEY `django_admin_log_content_type_id_c4bce8eb_fk_django_co` (`content_type_id`),
  KEY `django_admin_log_user_id_c564eba6_fk` (`user_id`),
  CONSTRAINT `django_admin_log_content_type_id_c4bce8eb_fk_django_co` FOREIGN KEY (`content_type_id`) REFERENCES `django_content_type` (`id`),
  CONSTRAINT `django_admin_log_user_id_c564eba6_fk` FOREIGN KEY (`user_id`) REFERENCES `auth_user` (`id`)
) ENGINE=InnoDB AUTO_INCREMENT=268 DEFAULT CHARSET=utf8;
/*!40101 SET character_set_client = @saved_cs_client */;

--
-- Dumping data for table `django_admin_log`
--

LOCK TABLES `django_admin_log` WRITE;
/*!40000 ALTER TABLE `django_admin_log` DISABLE KEYS */;
INSERT INTO `django_admin_log` VALUES (1,'2018-09-04 02:26:23.832187','137','gecarriage',1,'[{\"added\": {}}]',7,1),(2,'2018-09-04 02:26:44.942452','137','gecarriage',2,'[{\"changed\": {\"fields\": [\"first_name\", \"groups\"]}}]',7,1),(3,'2018-09-04 02:27:10.250082','138','cseuro',1,'[{\"added\": {}}]',7,1),(4,'2018-09-04 02:27:25.266515','138','cseuro',2,'[{\"changed\": {\"fields\": [\"first_name\", \"groups\"]}}]',7,1),(5,'2018-09-04 02:27:50.585968','139','advantspeed',1,'[{\"added\": {}}]',7,1),(6,'2018-09-04 02:28:05.165906','139','advantspeed',2,'[{\"changed\": {\"fields\": [\"first_name\", \"groups\"]}}]',7,1),(7,'2018-09-04 02:29:48.789707','48','mechnaresh93@gmail.com',2,'[{\"changed\": {\"fields\": [\"is_staff\", \"groups\"]}}]',7,1),(8,'2018-09-04 02:31:33.036937','2','blackdolphin8178@hotmail.com',2,'[{\"changed\": {\"fields\": [\"is_staff\", \"groups\"]}}]',7,1),(9,'2018-09-04 02:32:06.131760','7','yakon7997@gmail.com',2,'[{\"changed\": {\"fields\": [\"is_staff\", \"groups\"]}}]',7,1),(10,'2018-09-04 02:32:37.256850','98','yam.dennis@gmail.com',2,'[{\"changed\": {\"fields\": [\"groups\"]}}]',7,1),(11,'2018-09-04 02:32:46.910931','98','yam.dennis@gmail.com',2,'[{\"changed\": {\"fields\": [\"is_staff\"]}}]',7,1),(12,'2018-09-04 02:33:26.346384','6','eugynbooi@gmail.com',2,'[{\"changed\": {\"fields\": [\"is_staff\", \"groups\"]}}]',7,1),(13,'2018-09-04 02:33:59.083624','38','gamz95@gmail.com',2,'[{\"changed\": {\"fields\": [\"groups\"]}}]',7,1),(14,'2018-09-04 02:34:10.579040','38','gamz95@gmail.com',2,'[{\"changed\": {\"fields\": [\"is_staff\", \"is_superuser\"]}}]',7,1),(15,'2018-09-04 02:34:46.174616','3','loosan8@gmail.com',2,'[{\"changed\": {\"fields\": [\"is_staff\", \"is_superuser\", \"groups\"]}}]',7,1),(16,'2018-09-04 02:35:15.130783','17','akimzz@yahoo.com.my',2,'[{\"changed\": {\"fields\": [\"is_staff\", \"groups\"]}}]',7,1),(17,'2018-09-04 02:36:08.182864','54','kmnissan@gmail.com',2,'[{\"changed\": {\"fields\": [\"is_staff\", \"groups\"]}}]',7,1),(18,'2018-09-04 02:36:08.442351','54','kmnissan@gmail.com',2,'[]',7,1),(19,'2018-09-04 02:36:33.089205','5','robinyan@hotmail.my',2,'[{\"changed\": {\"fields\": [\"is_staff\", \"groups\"]}}]',7,1),(20,'2018-09-04 02:36:55.885227','71','mshafiqs@live.com',2,'[{\"changed\": {\"fields\": [\"is_staff\", \"user_permissions\"]}}]',7,1),(21,'2018-09-04 02:37:09.669997','71','mshafiqs@live.com',2,'[{\"changed\": {\"fields\": [\"groups\", \"user_permissions\"]}}]',7,1),(22,'2018-09-04 02:37:31.457145','9','wilson2511@gmail.com',2,'[{\"changed\": {\"fields\": [\"is_staff\", \"groups\"]}}]',7,1),(23,'2018-09-04 02:48:52.326485','3','LIM TAU YEE, MACNECSS',2,'[{\"changed\": {\"fields\": [\"member_status\"]}}, {\"changed\": {\"name\": \"payment\", \"object\": \"LIM TAU YEE, MACNECSS\", \"fields\": [\"payment_receipt_image\"]}}]',1,1),(24,'2018-09-04 02:52:02.842452','20','ALLAN KENNETH HVIID JENSEN',2,'[{\"changed\": {\"fields\": [\"member_status\"]}}, {\"changed\": {\"name\": \"car\", \"object\": \"WXN6426\", \"fields\": [\"car_model\"]}}, {\"changed\": {\"name\": \"payment\", \"object\": \"ALLAN KENNETH HVIID JENSEN\", \"fields\": [\"payment_receipt_image\"]}}]',1,1),(25,'2018-09-04 02:53:15.041448','7','LIM SU LONG / JON LIM',2,'[{\"changed\": {\"fields\": [\"member_status\"]}}, {\"changed\": {\"name\": \"payment\", \"object\": \"LIM SU LONG / JON LIM\", \"fields\": [\"payment_receipt_image\"]}}]',1,1),(26,'2018-09-04 03:05:02.170533','32','vignes_k@yahoo.com',2,'[{\"changed\": {\"fields\": [\"username\", \"first_name\", \"email\", \"is_staff\", \"is_superuser\", \"groups\"]}}]',7,1),(27,'2018-09-04 03:08:05.205094','7','LIM SU LONG / JON LIM',2,'[{\"changed\": {\"fields\": [\"member_status\"]}}]',1,32),(28,'2018-09-04 03:41:29.818743','90','WWP508',2,'[{\"changed\": {\"fields\": [\"car_model\"]}}]',2,32),(29,'2018-09-04 03:42:28.119915','103','BPG8944',2,'[{\"changed\": {\"fields\": [\"car_model\"]}}]',2,32),(30,'2018-09-04 03:43:24.876834','100','WB8041K',2,'[{\"changed\": {\"fields\": [\"car_model\"]}}]',2,32),(31,'2018-09-04 03:44:08.569438','98','RIMAU6974',2,'[{\"changed\": {\"fields\": [\"car_model\"]}}]',2,32),(32,'2018-09-04 03:44:34.508761','89','BMM8977',2,'[{\"changed\": {\"fields\": [\"car_model\"]}}]',2,32),(33,'2018-09-04 03:44:57.533520','88','WA2265H',2,'[{\"changed\": {\"fields\": [\"car_model\"]}}]',2,32),(34,'2018-09-04 03:45:15.043839','87','W2265H',2,'[{\"changed\": {\"fields\": [\"car_model\"]}}]',2,32),(35,'2018-09-04 03:45:30.346227','86','WYJ1916',2,'[{\"changed\": {\"fields\": [\"car_model\"]}}]',2,32),(36,'2018-09-04 03:45:44.290343','85','WVV5081',2,'[{\"changed\": {\"fields\": [\"car_model\"]}}]',2,32),(37,'2018-09-04 03:46:11.631978','84','WXP6283',2,'[{\"changed\": {\"fields\": [\"car_model\"]}}]',2,32),(38,'2018-09-04 03:49:36.906035','83','BLE7272',2,'[{\"changed\": {\"fields\": [\"car_model\"]}}]',2,32),(39,'2018-09-04 03:56:19.786038','83','BLE7272',2,'[{\"changed\": {\"fields\": [\"car_model\"]}}]',2,32),(40,'2018-09-04 03:56:35.541675','103','BPG8944',2,'[{\"changed\": {\"fields\": [\"car_model\"]}}]',2,32),(41,'2018-09-04 03:57:18.734662','80','WA5515T',2,'[{\"changed\": {\"fields\": [\"car_model\"]}}]',2,32),(42,'2018-09-04 03:57:52.399980','79','PLD2986',2,'[{\"changed\": {\"fields\": [\"car_model\"]}}]',2,32),(43,'2018-09-04 03:59:26.169356','78','PLA5508',2,'[{\"changed\": {\"fields\": [\"car_model\"]}}]',2,32),(44,'2018-09-04 04:00:15.086153','77','WD6284D',2,'[{\"changed\": {\"fields\": [\"car_model\"]}}]',2,32),(45,'2018-09-04 04:02:50.699466','75','WUV803',2,'[{\"changed\": {\"fields\": [\"car_model\"]}}]',2,32),(46,'2018-09-04 04:04:06.680838','74','AJH208',2,'[{\"changed\": {\"fields\": [\"car_model\"]}}]',2,32),(47,'2018-09-04 04:04:38.659171','73','MCH3718',2,'[{\"changed\": {\"fields\": [\"car_model\"]}}]',2,32),(48,'2018-09-04 04:05:20.135550','72','WRV23',2,'[{\"changed\": {\"fields\": [\"car_model\"]}}]',2,32),(49,'2018-09-04 04:06:25.022062','71','PKT6933',2,'[{\"changed\": {\"fields\": [\"car_model\"]}}]',2,32),(50,'2018-09-04 04:06:40.463150','70','WWF508',2,'[{\"changed\": {\"fields\": [\"car_model\"]}}]',2,32),(51,'2018-09-04 04:07:13.638294','69','BNG2181',2,'[{\"changed\": {\"fields\": [\"car_model\"]}}]',2,32),(52,'2018-09-04 04:08:08.394109','67','WA9563V',2,'[{\"changed\": {\"fields\": [\"car_model\"]}}]',2,32),(53,'2018-09-04 04:08:38.382132','66','WXA6415',2,'[{\"changed\": {\"fields\": [\"car_model\"]}}]',2,32),(54,'2018-09-04 04:09:06.294090','59','WWQ996',2,'[{\"changed\": {\"fields\": [\"car_model\"]}}]',2,32),(55,'2018-09-04 04:09:56.207945','58','PLK8093',2,'[{\"changed\": {\"fields\": [\"car_model\"]}}]',2,32),(56,'2018-09-04 04:10:26.181956','57','WXL8282',2,'[{\"changed\": {\"fields\": [\"car_model\"]}}]',2,32),(57,'2018-09-04 04:10:57.325276','65','WA5145G',2,'[{\"changed\": {\"fields\": [\"car_model\"]}}]',2,32),(58,'2018-09-04 04:11:21.884806','64','VC3053',2,'[{\"changed\": {\"fields\": [\"car_model\"]}}]',2,32),(59,'2018-09-04 04:11:45.807930','55','PLN8916',2,'[{\"changed\": {\"fields\": [\"car_model\"]}}]',2,32),(60,'2018-09-04 04:12:09.644717','54','PLD2307',2,'[{\"changed\": {\"fields\": [\"car_model\"]}}]',2,32),(61,'2018-09-04 04:12:49.831481','49','WXC5545',2,'[{\"changed\": {\"fields\": [\"car_model\"]}}]',2,32),(62,'2018-09-04 04:13:35.918084','63','PMQ7217',2,'[{\"changed\": {\"fields\": [\"car_model\"]}}]',2,32),(63,'2018-09-04 04:14:02.814074','48','BLT2525',2,'[{\"changed\": {\"fields\": [\"car_model\"]}}]',2,32),(64,'2018-09-04 04:14:15.262209','47','WVA1585',2,'[{\"changed\": {\"fields\": [\"car_model\"]}}]',2,32),(65,'2018-09-04 04:14:38.374289','46','SAB8414R',2,'[{\"changed\": {\"fields\": [\"car_model\"]}}]',2,32),(66,'2018-09-04 04:15:50.203230','43','VAS8099',2,'[{\"changed\": {\"fields\": [\"car_model\"]}}]',2,32),(67,'2018-09-04 04:16:26.314827','42','WYW4624',2,'[{\"changed\": {\"fields\": [\"car_model\"]}}]',2,32),(68,'2018-09-04 04:18:40.358053','41','GT3088',2,'[]',2,32),(69,'2018-09-04 04:19:32.840521','21','WST4617',2,'[{\"changed\": {\"fields\": [\"car_model\"]}}]',2,32),(70,'2018-09-04 04:20:00.738219','40','WVL5217',2,'[{\"changed\": {\"fields\": [\"car_model\"]}}]',2,32),(71,'2018-09-04 04:20:37.490663','38','BNQ6499',2,'[{\"changed\": {\"fields\": [\"car_model\"]}}]',2,32),(72,'2018-09-04 04:20:59.119625','37','BKL5300',2,'[{\"changed\": {\"fields\": [\"car_model\"]}}]',2,32),(73,'2018-09-04 04:21:22.399051','36','WWT7683',2,'[{\"changed\": {\"fields\": [\"car_model\"]}}]',2,32),(74,'2018-09-04 04:21:59.482279','35','WXJ308',2,'[{\"changed\": {\"fields\": [\"car_model\"]}}]',2,32),(75,'2018-09-04 04:22:34.890204','34','WYQ3365',2,'[{\"changed\": {\"fields\": [\"car_model\"]}}]',2,32),(76,'2018-09-04 04:22:58.626160','33','WVH1337',2,'[{\"changed\": {\"fields\": [\"car_model\"]}}]',2,32),(77,'2018-09-04 04:23:22.186173','29','WVD8000',2,'[{\"changed\": {\"fields\": [\"car_model\"]}}]',2,32),(78,'2018-09-04 04:23:45.258905','28','WSV7978',2,'[{\"changed\": {\"fields\": [\"car_model\"]}}]',2,32),(79,'2018-09-04 04:30:46.774456','13','WYW5496',2,'[{\"changed\": {\"fields\": [\"car_model\"]}}]',2,32),(80,'2018-09-04 04:32:09.263476','16','WAY7814',2,'[]',2,32),(81,'2018-09-04 04:32:47.894915','1','BNQ1011',2,'[{\"changed\": {\"fields\": [\"car_model\"]}}]',2,32),(82,'2018-09-04 13:12:22.659690','136','FREDDY WONG CHION PYNG',2,'[]',3,32),(83,'2018-09-04 13:15:03.094872','136','FREDDY WONG CHION PYNG',2,'[]',3,32),(84,'2018-09-04 13:16:28.190298','12','FREDDY WONG CHION PYNG',2,'[{\"changed\": {\"fields\": [\"member_expiry_date\"]}}]',1,32),(85,'2018-09-04 13:20:28.391327','12','FREDDY WONG CHION PYNG',2,'[{\"changed\": {\"fields\": [\"member_expiry_date\"]}}]',1,32),(86,'2018-09-09 10:13:45.379447','66','ALSON CHAY',2,'[{\"added\": {\"name\": \"car\", \"object\": \"WB7614E\"}}, {\"changed\": {\"name\": \"payment\", \"object\": \"ALSON CHAY\", \"fields\": [\"payment_receipt_image\"]}}]',1,32),(87,'2018-09-09 10:15:58.043220','64','BILLY CHAN CHEE YONG',2,'[{\"added\": {\"name\": \"car\", \"object\": \"WTR7870\"}}, {\"changed\": {\"name\": \"payment\", \"object\": \"BILLY CHAN CHEE YONG\", \"fields\": [\"payment_receipt_image\"]}}]',1,32),(88,'2018-09-09 10:17:09.155506','36','LOGESWARAN A/L MANIAM / LOGES',2,'[{\"added\": {\"name\": \"car\", \"object\": \"WXR7683\"}}, {\"changed\": {\"name\": \"payment\", \"object\": \"LOGESWARAN A/L MANIAM / LOGES\", \"fields\": [\"payment_receipt_image\"]}}]',1,32),(89,'2018-09-09 10:18:09.637491','26','TAN YU ZHAN',2,'[{\"added\": {\"name\": \"car\", \"object\": \"PHP3383\"}}, {\"changed\": {\"name\": \"payment\", \"object\": \"TAN YU ZHAN\", \"fields\": [\"payment_receipt_image\"]}}]',1,32),(90,'2018-09-09 10:20:11.744566','43','DAPHANIE YONG JIUN LIH',2,'[{\"added\": {\"name\": \"car\", \"object\": \"WTY8099\"}}, {\"changed\": {\"name\": \"payment\", \"object\": \"DAPHANIE YONG JIUN LIH\", \"fields\": [\"payment_receipt_image\"]}}]',1,32),(91,'2018-09-09 10:23:04.928856','37','GAMMA RIZKINATA SATRIANA',2,'[{\"added\": {\"name\": \"car\", \"object\": \"WNA207\"}}, {\"changed\": {\"name\": \"payment\", \"object\": \"GAMMA RIZKINATA SATRIANA\", \"fields\": [\"payment_receipt_image\"]}}]',1,32),(92,'2018-09-09 10:24:19.043865','112','TAN KAH MENG',2,'[{\"added\": {\"name\": \"car\", \"object\": \"WB7728V\"}}, {\"changed\": {\"name\": \"payment\", \"object\": \"TAN KAH MENG\", \"fields\": [\"payment_receipt_image\"]}}]',1,32),(93,'2018-09-09 10:26:17.805676','50','MOHAMAD SHAHRIR BIN NAWAWI',2,'[{\"added\": {\"name\": \"car\", \"object\": \"W2129D\"}}, {\"changed\": {\"name\": \"payment\", \"object\": \"MOHAMAD SHAHRIR BIN NAWAWI\", \"fields\": [\"payment_receipt_image\"]}}]',1,32),(94,'2018-09-09 10:29:34.207859','78','LIEW K K',2,'[{\"added\": {\"name\": \"car\", \"object\": \"BLH9833\"}}, {\"changed\": {\"name\": \"payment\", \"object\": \"LIEW K K\", \"fields\": [\"payment_receipt_image\"]}}]',1,32),(95,'2018-09-09 10:31:16.577710','5','BOOI JUN JIE / EUGYN BOOI',2,'[{\"added\": {\"name\": \"car\", \"object\": \"GT8001\"}}, {\"changed\": {\"name\": \"payment\", \"object\": \"BOOI JUN JIE / EUGYN BOOI\", \"fields\": [\"payment_receipt_image\"]}}]',1,32),(96,'2018-09-11 17:37:37.780648','1','PCM Annual Trip 2018',1,'[{\"added\": {}}]',10,32),(97,'2018-09-11 17:38:13.601281','1','PCM Annual Trip 2018',2,'[{\"changed\": {\"fields\": [\"activity_description\"]}}]',10,32),(98,'2018-09-11 17:40:48.157561','2','Day Drive to Fraser\'s Hill',1,'[{\"added\": {}}]',10,32),(99,'2018-09-11 18:14:34.733131','137','SUNNY NG KENG HAI',1,'[{\"added\": {}}]',3,32),(100,'2018-09-11 18:15:30.357127','137','SUNNY NG KENG HAI',2,'[]',3,32),(101,'2018-09-12 12:48:29.474030','48','mechnaresh93@gmail.com',2,'[]',7,32),(102,'2018-09-12 12:54:35.135018','1','admin',2,'[{\"changed\": {\"fields\": [\"password\"]}}]',7,32),(103,'2018-09-12 12:58:57.013377','48','mechnaresh93@gmail.com',2,'[{\"changed\": {\"fields\": [\"is_superuser\"]}}]',7,32),(104,'2018-09-12 13:00:09.235562','2','blackdolphin8178@hotmail.com',2,'[{\"changed\": {\"fields\": [\"is_superuser\", \"last_login\"]}}]',7,32),(105,'2018-09-12 13:00:30.291039','6','eugynbooi@gmail.com',2,'[{\"changed\": {\"fields\": [\"is_superuser\"]}}]',7,32),(106,'2018-09-12 13:00:54.144646','7','yakon7997@gmail.com',2,'[{\"changed\": {\"fields\": [\"is_superuser\"]}}]',7,32),(107,'2018-09-12 13:01:56.451316','9','wilson2511@gmail.com',2,'[{\"changed\": {\"fields\": [\"is_superuser\"]}}]',7,32),(108,'2018-09-12 13:01:56.522465','141','WNA407',2,'[{\"changed\": {\"fields\": [\"car_reg_no\"]}}]',2,2),(109,'2018-09-12 13:02:12.190332','5','robinyan@hotmail.my',2,'[{\"changed\": {\"fields\": [\"is_superuser\"]}}]',7,32),(110,'2018-09-12 13:02:29.779761','98','yam.dennis@gmail.com',2,'[{\"changed\": {\"fields\": [\"is_superuser\"]}}]',7,32),(111,'2018-09-12 13:02:47.703078','17','akimzz@yahoo.com.my',2,'[{\"changed\": {\"fields\": [\"is_superuser\"]}}]',7,32),(112,'2018-09-12 13:04:41.272514','4','WYK408',2,'[]',2,2),(113,'2018-09-12 13:05:26.449079','3','loosan8@gmail.com',2,'[]',7,32),(114,'2018-09-12 13:05:55.207087','54','kmnissan@gmail.com',2,'[{\"changed\": {\"fields\": [\"is_superuser\"]}}]',7,32),(115,'2018-09-12 13:06:00.831066','3','Battle of The Clubs 2018 - Round 2 Paintball',1,'[{\"added\": {}}]',10,48),(116,'2018-09-12 13:06:17.692429','71','mshafiqs@live.com',2,'[{\"changed\": {\"fields\": [\"is_superuser\"]}}]',7,32),(117,'2018-09-16 10:56:15.754476','138','MUHAMAD YAMANI',1,'[{\"added\": {}}]',3,32),(118,'2018-09-16 10:56:33.593711','138','MUHAMAD YAMANI',2,'[]',3,32),(119,'2018-09-20 02:01:33.748522','136','JOSEPH BANG CHUNG HUI',2,'[]',1,32),(120,'2018-09-20 02:02:19.340165','136','JOSEPH BANG CHUNG HUI',2,'[]',1,32),(121,'2018-09-20 02:02:40.491017','139','JOSEPH BANG CHUNG HUI',2,'[]',3,32),(122,'2018-09-20 02:03:24.658243','137','JOSEPH BANG CHUNG HUI',3,'',1,32),(123,'2018-09-25 07:26:58.550835','141','MOHD SHAHEEN BIN HAJA RAFEEK',2,'[]',3,32),(127,'2018-09-25 08:43:08.139191','3','loosan8@gmail.com',3,'',7,142),(128,'2018-09-25 09:06:03.987035','142','MOHD FAISAL ABDUL KAHAR',2,'[]',3,32),(129,'2018-09-25 09:19:53.826242','131','amiriza@gmail.com',2,'[{\"changed\": {\"fields\": [\"username\", \"email\"]}}]',7,32),(130,'2018-09-25 09:19:54.027467','131','amiriza@gmail.com',2,'[]',7,32),(131,'2018-09-25 09:26:04.063367','130','MUHAMMAD AMIR IZHAR BIN MD ANUAR',2,'[{\"changed\": {\"fields\": [\"owner\"]}}, {\"changed\": {\"name\": \"payment\", \"object\": \"MUHAMMAD AMIR IZHAR BIN MD ANUAR\", \"fields\": [\"payment_receipt_image\"]}}]',1,32),(132,'2018-09-25 09:28:09.042225','143','amiriza@gmail.om',3,'',7,32),(133,'2018-09-25 10:51:20.626552','139','KHAIRI HJ AKSAN',3,'',1,32),(134,'2018-09-25 15:57:11.990196','143','LOH KOK FUNG',2,'[]',3,32),(135,'2018-09-25 16:04:54.913092','140','LOH KOK FUNG',2,'[{\"changed\": {\"fields\": [\"owner\"]}}]',1,32),(136,'2018-09-25 16:05:26.782497','89','LOH KOK FUNG',3,'',1,32),(137,'2018-09-25 16:06:43.342955','31','VIGNESWAREN A/L M.KRISHNAMOORTHY',2,'[{\"changed\": {\"fields\": [\"member_name\"]}}, {\"changed\": {\"name\": \"payment\", \"object\": \"VIGNESWAREN A/L M.KRISHNAMOORTHY\", \"fields\": [\"payment_receipt_image\"]}}]',1,32),(138,'2018-09-26 05:48:29.258453','144','MOHD MUSTAQIM BIN MOHD ZAHARI',1,'[{\"added\": {}}]',3,7),(139,'2018-09-26 05:49:11.936032','144','MOHD MUSTAQIM BIN MOHD ZAHARI',2,'[]',3,7),(140,'2018-09-26 05:51:38.220578','17','MOHD NORIMI RAMELI',2,'[{\"changed\": {\"fields\": [\"member_status\"]}}, {\"changed\": {\"name\": \"payment\", \"object\": \"MOHD NORIMI RAMELI\", \"fields\": [\"payment_receipt_image\"]}}]',1,7),(141,'2018-10-01 00:53:17.866193','14','EE CHEE LOON / JACK EE',2,'[{\"changed\": {\"fields\": [\"member_status\"]}}, {\"changed\": {\"name\": \"payment\", \"object\": \"EE CHEE LOON / JACK EE\", \"fields\": [\"payment_receipt_image\"]}}]',1,7),(142,'2018-10-01 00:54:06.035158','45','MUHAMMAD EZMEER ABDUL RAHMAN',2,'[{\"changed\": {\"fields\": [\"member_status\"]}}, {\"changed\": {\"name\": \"payment\", \"object\": \"MUHAMMAD EZMEER ABDUL RAHMAN\", \"fields\": [\"payment_receipt_image\"]}}]',1,7),(143,'2018-10-01 00:54:31.667951','46','SAIFUL BIN ALI BAKI',2,'[{\"changed\": {\"fields\": [\"member_status\"]}}, {\"changed\": {\"name\": \"payment\", \"object\": \"SAIFUL BIN ALI BAKI\", \"fields\": [\"payment_receipt_image\"]}}]',1,7),(144,'2018-10-01 00:55:11.925023','44','NICHOLAS KOK (ALLAN KOK)',2,'[{\"changed\": {\"fields\": [\"member_status\"]}}, {\"changed\": {\"name\": \"payment\", \"object\": \"NICHOLAS KOK (ALLAN KOK)\", \"fields\": [\"payment_receipt_image\"]}}]',1,7),(145,'2018-10-15 05:09:16.858935','50','MOHAMAD SHAHRIR BIN NAWAWI',2,'[{\"changed\": {\"fields\": [\"payment_date\", \"payment_type\", \"payment_receipt_image\"]}}]',3,7),(146,'2018-10-15 05:12:12.662631','10','HARRY DINESH MAHALINGAM',2,'[{\"changed\": {\"fields\": [\"payment_date\", \"payment_receipt_image\"]}}]',3,7),(147,'2018-10-15 05:14:11.334852','10','HARRY DINESH MAHALINGAM',2,'[]',3,7),(148,'2018-10-15 05:19:52.859015','10','HARRY DINESH MAHALINGAM',2,'[{\"changed\": {\"fields\": [\"payment_type\"]}}]',3,7),(149,'2018-10-15 05:20:17.762637','10','HARRY DINESH MAHALINGAM',2,'[]',3,7),(150,'2018-10-16 07:36:26.807994','145','MINDY CHEAH CHING YEE',2,'[]',3,32),(151,'2018-10-16 07:36:35.023912','146','YAZET B. SURAJI',2,'[]',3,32),(152,'2018-11-24 07:11:19.407312','147','YAP LUI KONG',2,'[]',3,32),(153,'2018-11-24 07:14:59.903374','148','HAZRUL KAMALUDIN',2,'[]',3,32),(154,'2018-11-24 07:19:38.523672','148','HAZRUL KAMALUDIN',2,'[]',3,32),(155,'2018-11-24 07:19:59.561617','144','HAZRUL KAMALUDIN',2,'[]',1,32),(156,'2018-11-24 07:20:13.381825','144','HAZRUL KAMALUDIN',2,'[{\"changed\": {\"name\": \"payment\", \"object\": \"HAZRUL KAMALUDIN\", \"fields\": [\"payment_type\"]}}]',1,32),(157,'2018-12-07 02:04:56.910046','149','OH KAH MENG / OCEAN',2,'[]',3,54),(158,'2018-12-07 16:21:06.399005','150','MOHAMED MIRZAR BIN ABDUL GHAFFAR',2,'[{\"changed\": {\"fields\": [\"payment_date\"]}}]',3,32),(159,'2018-12-28 02:24:26.378469','58','wilwithsinglel@hotmail.com',2,'[{\"changed\": {\"fields\": [\"username\", \"email\"]}}]',7,32),(160,'2018-12-28 13:00:08.447330','65','WA8145G',2,'[{\"changed\": {\"fields\": [\"car_reg_no\"]}}]',2,32),(161,'2018-12-29 02:01:14.689137','147','MARZUKIFLI B MOHAMED',2,'[]',1,32),(162,'2018-12-29 02:01:34.263780','153','MARZUKIFLI B MOHAMED',2,'[]',3,32),(163,'2018-12-29 02:03:41.026217','151','KHOO KAH YOONG',2,'[]',3,32),(164,'2018-12-29 02:03:54.816563','149','OH KAH MENG / OCEAN',2,'[]',3,32),(165,'2018-12-29 02:04:10.811768','148','HAZRUL KAMALUDIN',2,'[]',3,32),(166,'2018-12-29 02:04:23.495785','147','YAP LUI KONG',2,'[]',3,32),(167,'2018-12-29 02:38:37.040588','65','NORHARUL NIZAM BIN NORDIN',2,'[{\"added\": {\"name\": \"payment\", \"object\": \"NORHARUL NIZAM BIN NORDIN\"}}, {\"changed\": {\"name\": \"payment\", \"object\": \"NORHARUL NIZAM BIN NORDIN\", \"fields\": [\"payment_receipt_image\"]}}]',1,32),(168,'2018-12-29 02:39:56.107878','146','NORHARUL NIZAM BIN NORDIN1',2,'[{\"changed\": {\"fields\": [\"member_name\"]}}]',1,32),(169,'2018-12-29 02:40:13.251666','154','NORHARUL NIZAM BIN NORDIN',2,'[]',3,32),(170,'2018-12-29 02:40:59.436541','146','NORHARUL NIZAM BIN NORDIN1',3,'',1,32),(171,'2018-12-29 02:41:27.901622','65','NORHARUL NIZAM BIN NORDIN',2,'[{\"changed\": {\"fields\": [\"member_expiry_date\"]}}]',1,32),(172,'2018-12-29 02:42:17.124490','149','harulnizam@yahoo.com',3,'',7,32),(173,'2018-12-29 02:58:07.025082','51','TEH YONG SHAN / JASON BRENDY',2,'[{\"changed\": {\"fields\": [\"member_status\"]}}, {\"changed\": {\"name\": \"payment\", \"object\": \"TEH YONG SHAN / JASON BRENDY\", \"fields\": [\"payment_receipt_image\"]}}]',1,32),(174,'2018-12-29 03:02:19.859524','52','jasonbrendy95@gmail.com',2,'[{\"changed\": {\"fields\": [\"is_active\"]}}]',7,32),(175,'2018-12-29 03:06:04.788286','57','WIL ONG TECK YUNG',2,'[{\"changed\": {\"fields\": [\"member_email\"]}}, {\"changed\": {\"name\": \"payment\", \"object\": \"WIL ONG TECK YUNG\", \"fields\": [\"payment_receipt_image\"]}}]',1,32),(176,'2018-12-29 03:08:22.944582','57','WIL ONG TECK YUNG',2,'[{\"changed\": {\"fields\": [\"owner\"]}}]',1,32),(177,'2018-12-29 03:09:03.594687','58','wilwithsinglel@hotmail.com',2,'[]',7,32),(178,'2018-12-29 03:09:33.678904','147','wilwithsingtel@hotmail.com',3,'',7,32),(179,'2018-12-29 04:45:24.314592','155','TEOH CHIN POH',2,'[]',3,32),(180,'2018-12-29 05:05:47.190775','49','KAIULANI BINTI BUJANG (KAY)',2,'[{\"changed\": {\"name\": \"car\", \"object\": \"WXC5545\", \"fields\": [\"car_status\"]}}, {\"deleted\": {\"name\": \"payment\", \"object\": \"KAIULANI BINTI BUJANG (KAY)\"}}]',1,48),(181,'2018-12-29 05:06:02.671565','49','KAIULANI BINTI BUJANG (KAY)',2,'[{\"changed\": {\"fields\": [\"member_status\"]}}]',1,48),(182,'2018-12-29 13:12:43.252216','55','pld2307@yahoo.com',2,'[{\"changed\": {\"fields\": [\"password\"]}}]',7,32),(183,'2018-12-29 13:38:19.511723','155','TEOH CHIN POH',2,'[]',3,32),(184,'2018-12-29 13:38:42.767586','156','PON HONG KONG',2,'[]',3,32),(185,'2018-12-29 13:39:08.175983','157','PON HONG KONG',2,'[]',3,32),(186,'2018-12-29 13:43:21.680293','58','TEOH CHIN POH',2,'[{\"changed\": {\"fields\": [\"member_expiry_date\"]}}, {\"changed\": {\"name\": \"payment\", \"object\": \"TEOH CHIN POH\", \"fields\": [\"payment_receipt_image\"]}}]',1,32),(187,'2018-12-29 13:44:24.748826','52','PON HONG KONG',2,'[{\"changed\": {\"fields\": [\"member_expiry_date\"]}}, {\"changed\": {\"name\": \"payment\", \"object\": \"PON HONG KONG\", \"fields\": [\"payment_receipt_image\"]}}]',1,32),(188,'2018-12-29 15:25:01.466760','158','MOHAMAD SHAMEEM BIN SALEEM AHAMED',2,'[]',3,32),(189,'2019-01-02 01:45:56.982991','159','SHAFARLIZA BINTI SAMSUDDIN',2,'[]',3,32),(190,'2019-01-14 12:32:20.588151','23','MOHAMAD SOFI BIN ISMAIL',2,'[{\"changed\": {\"fields\": [\"member_status\"]}}, {\"changed\": {\"name\": \"car\", \"object\": \"MCD508\", \"fields\": [\"car_status\"]}}, {\"changed\": {\"name\": \"payment\", \"object\": \"MOHAMAD SOFI BIN ISMAIL\", \"fields\": [\"payment_receipt_image\"]}}]',1,48),(191,'2019-01-14 12:33:02.204484','55','NG ENG LEONG / KEVIN',2,'[{\"changed\": {\"fields\": [\"member_status\"]}}, {\"changed\": {\"name\": \"car\", \"object\": \"PLN8916\", \"fields\": [\"car_status\"]}}, {\"changed\": {\"name\": \"payment\", \"object\": \"NG ENG LEONG / KEVIN\", \"fields\": [\"payment_receipt_image\"]}}]',1,48),(192,'2019-01-14 12:33:28.119565','59','KRIS TAN KWANG CHUNG',2,'[{\"changed\": {\"fields\": [\"member_status\"]}}, {\"changed\": {\"name\": \"car\", \"object\": \"WWQ996\", \"fields\": [\"car_status\"]}}, {\"changed\": {\"name\": \"payment\", \"object\": \"KRIS TAN KWANG CHUNG\", \"fields\": [\"payment_receipt_image\"]}}]',1,48),(193,'2019-01-14 12:33:59.384470','42','RAJA NAZHATUL SHIMA BINTI RAJA ABDUL AZIZ',2,'[{\"changed\": {\"fields\": [\"member_status\"]}}, {\"changed\": {\"name\": \"car\", \"object\": \"WYW4624\", \"fields\": [\"car_status\"]}}, {\"changed\": {\"name\": \"payment\", \"object\": \"RAJA NAZHATUL SHIMA BINTI RAJA ABDUL AZIZ\", \"fields\": [\"payment_receipt_image\"]}}]',1,48),(194,'2019-01-14 12:34:19.991641','57','WIL ONG TECK YUNG',2,'[{\"changed\": {\"fields\": [\"member_status\"]}}, {\"changed\": {\"name\": \"car\", \"object\": \"WXL8282\", \"fields\": [\"car_status\"]}}]',1,48),(195,'2019-01-14 12:35:23.227356','22','TANG BOON KHEE',2,'[{\"changed\": {\"fields\": [\"member_status\"]}}, {\"changed\": {\"name\": \"car\", \"object\": \"PLP8379\", \"fields\": [\"car_status\"]}}, {\"changed\": {\"name\": \"payment\", \"object\": \"TANG BOON KHEE\", \"fields\": [\"payment_receipt_image\"]}}]',1,48),(196,'2019-01-14 13:13:19.815615','61','HEZAN BIN HAJI MOHD ZAINUDIN',2,'[{\"changed\": {\"fields\": [\"member_status\"]}}, {\"changed\": {\"name\": \"car\", \"object\": \"WLF811\", \"fields\": [\"car_status\"]}}, {\"changed\": {\"name\": \"payment\", \"object\": \"HEZAN BIN HAJI MOHD ZAINUDIN\", \"fields\": [\"payment_receipt_image\"]}}]',1,48),(197,'2019-01-14 14:53:42.773598','160','LOW HAN YUAN',2,'[]',3,32),(198,'2019-01-14 15:32:27.411409','161','WONG MUN CHYE',2,'[]',3,32),(199,'2019-01-15 03:54:50.548952','162','NG KOK HOE',2,'[]',3,32),(200,'2019-01-15 07:06:12.719079','163','HARRY KOH',2,'[]',3,32),(201,'2019-01-23 02:15:57.320278','164','BRYAN LEE TONG SIN',2,'[]',3,32),(202,'2019-01-24 09:22:33.028995','149','NOR AZHADI NGAH',2,'[{\"added\": {\"name\": \"payment\", \"object\": \"NOR AZHADI NGAH\"}}]',1,32),(203,'2019-01-24 09:23:11.245288','165','NOR AZHADI NGAH',2,'[]',3,32),(204,'2019-01-25 15:45:51.836709','166','MOHD RAFIZ BIN ABDUL RAHMAN',2,'[]',3,32),(205,'2019-02-14 15:46:09.552076','168','ALSON CHAY',2,'[]',3,32),(206,'2019-02-18 10:40:09.939722','169','DASAN THANAM DIVEAN',2,'[]',3,32),(207,'2019-02-18 10:40:58.279195','167','KUAN PIN SEAH',2,'[]',3,32),(208,'2019-03-01 13:43:02.772176','7','LIM SU LONG / JON LIM',2,'[{\"changed\": {\"fields\": [\"member_status\"]}}]',1,32),(209,'2019-03-11 16:11:30.280217','10','HARRY DINESH MAHALINGAM',2,'[{\"changed\": {\"fields\": [\"member_expiry_date\"]}}]',1,32),(210,'2019-03-11 16:12:41.210809','7','LIM SU LONG / JON LIM',2,'[{\"changed\": {\"fields\": [\"member_expiry_date\"]}}]',1,32),(211,'2019-03-11 16:13:53.831767','53','OH KAH MENG / OCEAN',2,'[{\"changed\": {\"fields\": [\"member_expiry_date\"]}}, {\"changed\": {\"name\": \"payment\", \"object\": \"OH KAH MENG / OCEAN\", \"fields\": [\"payment_receipt_image\"]}}]',1,32),(212,'2019-04-01 12:01:23.965179','170','MOHAMAD SHAFIQ BIN SHAARI',2,'[]',3,32),(213,'2019-04-11 02:50:47.477130','20','ALLAN KENNETH HVIID JENSEN',2,'[{\"changed\": {\"fields\": [\"member_expiry_date\"]}}]',1,32),(214,'2019-04-11 06:47:38.515241','62','BENZ THAM SHIEN SHYONG',2,'[{\"changed\": {\"fields\": [\"member_status\"]}}, {\"changed\": {\"name\": \"payment\", \"object\": \"BENZ THAM SHIEN SHYONG\", \"fields\": [\"payment_receipt_image\"]}}]',1,7),(215,'2019-04-11 06:48:39.899436','64','BILLY CHAN CHEE YONG',2,'[{\"changed\": {\"fields\": [\"member_status\"]}}]',1,7),(216,'2019-04-11 06:49:06.971638','67','RASATHILLAGEN RASAINTHIRAN',2,'[{\"changed\": {\"fields\": [\"member_status\"]}}, {\"changed\": {\"name\": \"payment\", \"object\": \"RASATHILLAGEN RASAINTHIRAN\", \"fields\": [\"payment_amount\", \"payment_receipt_image\"]}}]',1,7),(217,'2019-04-11 06:49:24.152964','62','BENZ THAM SHIEN SHYONG',2,'[{\"changed\": {\"name\": \"payment\", \"object\": \"BENZ THAM SHIEN SHYONG\", \"fields\": [\"payment_amount\"]}}]',1,7),(218,'2019-04-11 06:49:45.442984','68','CHIOK SEI HAW',2,'[{\"changed\": {\"fields\": [\"member_status\"]}}, {\"changed\": {\"name\": \"payment\", \"object\": \"CHIOK SEI HAW\", \"fields\": [\"payment_amount\", \"payment_receipt_image\"]}}]',1,7),(219,'2019-04-15 06:27:00.733031','74','NICKY FUN',2,'[{\"changed\": {\"name\": \"payment\", \"object\": \"NICKY FUN\", \"fields\": [\"payment_date\", \"payment_type\", \"payment_receipt_image\"]}}]',1,7),(220,'2019-04-15 06:28:52.750506','71','TAN CHUN KEAT / SEAN TAN',2,'[{\"changed\": {\"name\": \"payment\", \"object\": \"TAN CHUN KEAT / SEAN TAN\", \"fields\": [\"payment_type\", \"payment_receipt_image\"]}}]',1,7),(221,'2019-04-15 06:30:09.367624','73','HO WOON HAN, WILLIE',2,'[{\"changed\": {\"name\": \"payment\", \"object\": \"HO WOON HAN, WILLIE\", \"fields\": [\"payment_type\", \"payment_receipt_image\"]}}]',1,7),(222,'2019-04-15 06:51:43.577623','76','MOHAMAD NOOR HISHAM BIN HASHIM',2,'[{\"changed\": {\"name\": \"payment\", \"object\": \"MOHAMAD NOOR HISHAM BIN HASHIM\", \"fields\": [\"payment_type\", \"payment_receipt_image\"]}}]',1,7),(223,'2019-04-15 07:11:31.153084','76','MOHAMAD NOOR HISHAM BIN HASHIM',2,'[{\"added\": {\"name\": \"payment\", \"object\": \"MOHAMAD NOOR HISHAM BIN HASHIM\"}}, {\"changed\": {\"name\": \"payment\", \"object\": \"MOHAMAD NOOR HISHAM BIN HASHIM\", \"fields\": [\"payment_amount\", \"payment_type\", \"payment_receipt_image\"]}}]',1,7),(224,'2019-04-15 07:12:30.139434','71','TAN CHUN KEAT / SEAN TAN',2,'[{\"added\": {\"name\": \"payment\", \"object\": \"TAN CHUN KEAT / SEAN TAN\"}}, {\"changed\": {\"name\": \"payment\", \"object\": \"TAN CHUN KEAT / SEAN TAN\", \"fields\": [\"payment_amount\", \"payment_type\", \"payment_receipt_image\"]}}]',1,7),(225,'2019-04-15 07:13:40.819406','74','NICKY FUN',2,'[{\"added\": {\"name\": \"payment\", \"object\": \"NICKY FUN\"}}, {\"changed\": {\"name\": \"payment\", \"object\": \"NICKY FUN\", \"fields\": [\"payment_amount\", \"payment_type\", \"payment_receipt_image\"]}}]',1,7),(226,'2019-04-15 07:16:05.329618','73','HO WOON HAN, WILLIE',2,'[{\"added\": {\"name\": \"payment\", \"object\": \"HO WOON HAN, WILLIE\"}}, {\"changed\": {\"name\": \"payment\", \"object\": \"HO WOON HAN, WILLIE\", \"fields\": [\"payment_amount\", \"payment_type\", \"payment_receipt_image\"]}}]',1,7),(227,'2019-04-17 01:41:34.772183','159','reno0925@gmail.com',1,'[{\"added\": {}}]',7,32),(228,'2019-04-17 01:47:09.728820','159','reno0925@gmail.com',3,'',7,32),(229,'2019-04-17 02:19:28.565453','156','TAN MIN HONG',1,'[{\"added\": {}}]',1,32),(230,'2019-04-17 02:20:08.595957','156','TAN MIN HONG',2,'[{\"added\": {\"name\": \"car\", \"object\": \"K1M67\"}}]',1,32),(231,'2019-04-17 02:20:31.800569','156','TAN MIN HONG',2,'[{\"added\": {\"name\": \"payment\", \"object\": \"TAN MIN HONG\"}}]',1,32),(232,'2019-04-17 02:21:06.144397','175','TAN MIN HONG',2,'[]',3,32),(233,'2019-04-17 03:16:44.347621','157','VIGNESWAREN KRISHNAMOORTHY',3,'',1,32),(234,'2019-04-17 03:17:11.770348','162','vign1es_k@yahoo.com',3,'',7,32),(235,'2019-05-17 06:06:06.599300','177','MOHD SUHAIMI EMBONG',2,'[]',3,32),(236,'2019-05-17 11:46:13.400749','178','CHOO LI CHIEAN',2,'[]',3,32),(237,'2019-05-18 21:31:51.264252','179','ISKANDAR HADI BIN MD JELA',2,'[]',3,32),(238,'2019-05-21 21:41:47.319961','180','MOHD FARID BIN YUNOS',2,'[]',3,32),(239,'2019-05-26 11:00:12.426193','181','JOSEPH LIM CHENG LEONG',2,'[]',3,32),(240,'2019-05-29 11:38:06.330756','158','MOHD SUHAIMI EMBONG',2,'[{\"changed\": {\"fields\": [\"member_phone\"]}}]',1,32),(241,'2019-05-31 12:16:53.333090','182','RAYMOND SOOSAIRAJA FRANCIS XAVIOUR',2,'[]',3,32),(242,'2019-06-03 11:50:56.724243','108','PRISCILLA OH GIAT ENG',2,'[{\"added\": {\"name\": \"car\", \"object\": \"FC9366\"}}, {\"changed\": {\"name\": \"car\", \"object\": \"WTB9985\", \"fields\": [\"car_primary_sec\", \"car_status\"]}}, {\"changed\": {\"name\": \"payment\", \"object\": \"PRISCILLA OH GIAT ENG\", \"fields\": [\"payment_receipt_image\"]}}]',1,32),(243,'2019-06-03 21:40:30.074454','6','AZRIL ALI BIN AHMAD RASHID',2,'[{\"added\": {\"name\": \"car\", \"object\": \"VDG9779\"}}, {\"added\": {\"name\": \"payment\", \"object\": \"AZRIL ALI BIN AHMAD RASHID\"}}, {\"changed\": {\"name\": \"payment\", \"object\": \"AZRIL ALI BIN AHMAD RASHID\", \"fields\": [\"payment_receipt_image\"]}}]',1,7),(244,'2019-06-03 21:40:46.928862','6','AZRIL ALI BIN AHMAD RASHID',2,'[{\"changed\": {\"name\": \"payment\", \"object\": \"AZRIL ALI BIN AHMAD RASHID\", \"fields\": [\"payment_type\"]}}]',1,7),(245,'2019-06-21 04:53:44.038423','80','SYED AZHAR BIN SYED AZIZUDDIN',2,'[{\"added\": {\"name\": \"payment\", \"object\": \"SYED AZHAR BIN SYED AZIZUDDIN\"}}, {\"changed\": {\"name\": \"payment\", \"object\": \"SYED AZHAR BIN SYED AZIZUDDIN\", \"fields\": [\"payment_receipt_image\"]}}]',1,48),(246,'2019-06-21 04:54:40.221559','80','SYED AZHAR BIN SYED AZIZUDDIN',2,'[{\"changed\": {\"fields\": [\"member_expiry_date\"]}}]',1,48),(247,'2019-06-21 04:54:58.401545','164','SYED AZHAR SYED AZIZUDDIN',3,'',1,48),(248,'2019-06-21 05:39:54.332940','169','syed@world.com.my',3,'',7,32),(249,'2019-06-24 06:04:12.605030','186','YEONG KEAT LENG',2,'[]',3,32),(250,'2019-06-25 14:43:15.773797','166','BENNY LIAU YEW SOON',3,'',1,32),(251,'2019-06-25 14:43:50.847164','189','BENNY LIAU YEW SOON',3,'',3,32),(252,'2019-06-25 14:43:58.080835','188','BENNY LIAU YEW SOON',2,'[]',3,32),(253,'2019-07-04 04:35:06.310410','190','KENNETH QUEK CHUNG YEE',2,'[]',3,32),(254,'2019-07-13 23:04:44.410994','191','DAVID TAN HENG LIAT',2,'[]',3,32),(255,'2019-08-30 10:50:08.391336','194','VIGNESWAREN A/L M.KRISHNAMOORTHY',2,'[]',3,32),(256,'2019-08-30 10:50:18.132765','193','SIOW CHYAN CHERNG (RYAN)',2,'[]',3,32),(257,'2019-09-13 12:46:54.270655','81','DAVID TAN HENG LIAT',2,'[{\"changed\": {\"name\": \"payment\", \"object\": \"DAVID TAN HENG LIAT\", \"fields\": [\"payment_receipt_image\"]}}, {\"changed\": {\"name\": \"payment\", \"object\": \"DAVID TAN HENG LIAT\", \"fields\": [\"payment_receipt_image\"]}}]',1,7),(258,'2019-09-26 22:31:48.176873','195','NOORANITA BINTI MUSTAPHA',2,'[]',3,32),(259,'2019-09-28 07:51:11.705718','194','VIGNESWAREN A/L M.KRISHNAMOORTHY',2,'[]',3,32),(260,'2019-09-28 07:53:03.402615','31','VIGNESWAREN A/L M.KRISHNAMOORTHY',2,'[{\"changed\": {\"fields\": [\"member_expiry_date\"]}}]',1,32),(261,'2019-10-25 13:52:16.034163','178','udhventure',1,'[{\"added\": {}}]',7,32),(262,'2019-10-25 13:53:28.533816','178','udhventure',2,'[{\"changed\": {\"fields\": [\"first_name\", \"email\", \"groups\"]}}]',7,32),(263,'2019-11-18 13:07:59.719604','197','FOO YEAN CHING',2,'[]',3,32),(264,'2019-11-23 04:53:23.159377','198','MD KHAIZANI BIN RAMLI',2,'[]',3,32),(265,'2019-11-23 11:16:36.944670','40','LOH ZHENG JIE, JAKE',2,'[{\"added\": {\"name\": \"car\", \"object\": \"BMM208\"}}, {\"added\": {\"name\": \"payment\", \"object\": \"LOH ZHENG JIE, JAKE\"}}, {\"changed\": {\"name\": \"payment\", \"object\": \"LOH ZHENG JIE, JAKE\", \"fields\": [\"payment_receipt_image\"]}}]',1,32),(266,'2019-11-29 06:17:39.046619','200','NOR FAIZUL BIN MOHD NOOR',2,'[]',3,32),(267,'2019-11-29 06:34:44.733231','196','MOHD HAFIZ MOHD ZIN',2,'[]',3,32);
/*!40000 ALTER TABLE `django_admin_log` ENABLE KEYS */;
UNLOCK TABLES;

--
-- Table structure for table `django_content_type`
--

DROP TABLE IF EXISTS `django_content_type`;
/*!40101 SET @saved_cs_client     = @@character_set_client */;
/*!40101 SET character_set_client = utf8 */;
CREATE TABLE `django_content_type` (
  `id` int(11) NOT NULL AUTO_INCREMENT,
  `app_label` varchar(100) NOT NULL,
  `model` varchar(100) NOT NULL,
  PRIMARY KEY (`id`),
  UNIQUE KEY `django_content_type_app_label_model_76bd3d3b_uniq` (`app_label`,`model`)
) ENGINE=InnoDB AUTO_INCREMENT=11 DEFAULT CHARSET=utf8;
/*!40101 SET character_set_client = @saved_cs_client */;

--
-- Dumping data for table `django_content_type`
--

LOCK TABLES `django_content_type` WRITE;
/*!40000 ALTER TABLE `django_content_type` DISABLE KEYS */;
INSERT INTO `django_content_type` VALUES (4,'admin','logentry'),(6,'auth','group'),(5,'auth','permission'),(7,'auth','user'),(8,'contenttypes','contenttype'),(10,'pcmappv2','activity'),(2,'pcmappv2','car'),(1,'pcmappv2','member'),(3,'pcmappv2','payment'),(9,'sessions','session');
/*!40000 ALTER TABLE `django_content_type` ENABLE KEYS */;
UNLOCK TABLES;

--
-- Table structure for table `django_migrations`
--

DROP TABLE IF EXISTS `django_migrations`;
/*!40101 SET @saved_cs_client     = @@character_set_client */;
/*!40101 SET character_set_client = utf8 */;
CREATE TABLE `django_migrations` (
  `id` int(11) NOT NULL AUTO_INCREMENT,
  `app` varchar(255) NOT NULL,
  `name` varchar(255) NOT NULL,
  `applied` datetime(6) NOT NULL,
  PRIMARY KEY (`id`)
) ENGINE=InnoDB AUTO_INCREMENT=55 DEFAULT CHARSET=utf8;
/*!40101 SET character_set_client = @saved_cs_client */;

--
-- Dumping data for table `django_migrations`
--

LOCK TABLES `django_migrations` WRITE;
/*!40000 ALTER TABLE `django_migrations` DISABLE KEYS */;
INSERT INTO `django_migrations` VALUES (1,'contenttypes','0001_initial','2018-05-06 07:25:40.124407'),(2,'auth','0001_initial','2018-05-06 07:26:03.960752'),(3,'admin','0001_initial','2018-05-06 07:26:11.110842'),(4,'admin','0002_logentry_remove_auto_add','2018-05-06 07:26:11.168816'),(5,'contenttypes','0002_remove_content_type_name','2018-05-06 07:26:11.308854'),(6,'auth','0002_alter_permission_name_max_length','2018-05-06 07:26:11.376907'),(7,'auth','0003_alter_user_email_max_length','2018-05-06 07:26:11.444704'),(8,'auth','0004_alter_user_username_opts','2018-05-06 07:26:11.480852'),(9,'auth','0005_alter_user_last_login_null','2018-05-06 07:26:11.551442'),(10,'auth','0006_require_contenttypes_0002','2018-05-06 07:26:11.558888'),(11,'auth','0007_alter_validators_add_error_messages','2018-05-06 07:26:11.592364'),(12,'auth','0008_alter_user_username_max_length','2018-05-06 07:26:11.732416'),(13,'auth','0009_alter_user_last_name_max_length','2018-05-06 07:26:11.791808'),(14,'pcmapp','0001_initial','2018-05-06 07:26:16.267221'),(15,'pcmapp','0002_auto_20180413_0508','2018-05-06 07:26:28.933419'),(16,'pcmapp','0003_payment_member','2018-05-06 07:26:29.912871'),(17,'pcmapp','0004_auto_20180420_0406','2018-05-06 07:26:29.963482'),(18,'pcmapp','0005_auto_20180420_0413','2018-05-06 07:26:29.992855'),(19,'pcmapp','0006_auto_20180420_0418','2018-05-06 07:26:30.018513'),(20,'pcmapp','0007_auto_20180420_0420','2018-05-06 07:26:30.080864'),(21,'pcmapp','0008_auto_20180420_0426','2018-05-06 07:26:30.124086'),(22,'pcmapp','0009_auto_20180420_0428','2018-05-06 07:26:30.153319'),(23,'pcmapp','0010_auto_20180420_0429','2018-05-06 07:26:30.169431'),(24,'pcmapp','0011_auto_20180420_0435','2018-05-06 07:26:30.189191'),(25,'sessions','0001_initial','2018-05-06 07:26:32.941234'),(26,'pcmapp','0012_auto_20180508_0158','2018-05-08 01:58:43.528891'),(27,'pcmapp','0013_auto_20180508_0241','2018-05-08 02:41:06.442758'),(28,'pcmapp','0014_auto_20180508_0857','2018-05-08 08:58:12.436194'),(29,'pcmapp','0015_auto_20180515_1535','2018-05-15 15:35:37.903023'),(30,'pcmapp','0016_auto_20180515_1539','2018-05-15 15:39:34.082591'),(31,'pcmapp','0017_auto_20180515_1542','2018-05-15 15:42:59.696352'),(32,'pcmapp','0018_auto_20180516_1218','2018-05-16 12:18:50.957042'),(33,'pcmapp','0019_auto_20180520_0540','2018-05-20 05:40:33.249763'),(34,'pcmapp','0020_auto_20180523_0452','2018-05-23 04:53:48.071036'),(35,'pcmapp','0021_auto_20180523_0453','2018-05-23 04:53:48.124950'),(36,'pcmapp','0022_auto_20180524_0518','2018-05-24 05:18:26.070738'),(37,'pcmapp','0023_auto_20180526_0742','2018-05-26 07:42:27.616913'),(38,'pcmapp','0024_member_owner','2018-06-04 11:08:08.337109'),(40,'pcmappv2','0002_auto_20180824_2136','2018-09-03 17:57:01.789196'),(41,'pcmappv2','0003_remove_car_car_engine_chasis','2018-09-03 17:57:01.897436'),(42,'pcmappv2','0004_auto_20180825_1734','2018-09-03 17:57:01.933497'),(43,'pcmappv2','0005_auto_20180826_0011','2018-09-03 17:57:03.783165'),(44,'pcmappv2','0006_auto_20180826_0036','2018-09-03 17:57:03.803661'),(45,'pcmappv2','0007_member_member_status','2018-09-03 17:57:05.519156'),(46,'admin','0003_logentry_add_action_flag_choices','2018-09-03 18:51:20.063029'),(47,'pcmappv2','0001_initial','2018-09-04 01:56:42.635492'),(48,'pcmappv2','0002_auto_20180904_0955','2018-09-04 01:56:43.257857'),(49,'pcmappv2','0003_auto_20180904_1001','2018-09-04 02:02:10.710355'),(50,'pcmappv2','0002_auto_20180909_1503','2018-09-09 08:13:16.798250'),(51,'pcmappv2','0004_merge_20180909_1612','2018-09-09 08:13:16.814793'),(52,'pcmappv2','0005_activity','2018-09-11 17:30:18.166247'),(53,'pcmappv2','0006_auto_20180912_0154','2018-09-11 17:54:41.336568'),(54,'pcmappv2','0007_auto_20180926_0018','2018-09-25 16:18:53.310894');
/*!40000 ALTER TABLE `django_migrations` ENABLE KEYS */;
UNLOCK TABLES;

--
-- Table structure for table `django_session`
--

DROP TABLE IF EXISTS `django_session`;
/*!40101 SET @saved_cs_client     = @@character_set_client */;
/*!40101 SET character_set_client = utf8 */;
CREATE TABLE `django_session` (
  `session_key` varchar(40) NOT NULL,
  `session_data` longtext NOT NULL,
  `expire_date` datetime(6) NOT NULL,
  PRIMARY KEY (`session_key`),
  KEY `django_session_expire_date_a5c62663` (`expire_date`)
) ENGINE=InnoDB DEFAULT CHARSET=utf8;
/*!40101 SET character_set_client = @saved_cs_client */;

--
-- Dumping data for table `django_session`
--

LOCK TABLES `django_session` WRITE;
/*!40000 ALTER TABLE `django_session` DISABLE KEYS */;
INSERT INTO `django_session` VALUES ('08etcxsfv0eilxzl7qwbtmjxtr4cg6hz','NjA1MWEwZTVlNjhmZTA5M2Y3MTU3YWRiYjE4MGEzMzYxODBmYWRiNDp7Il9hdXRoX3VzZXJfaWQiOiIxNzgiLCJfYXV0aF91c2VyX2JhY2tlbmQiOiJkamFuZ28uY29udHJpYi5hdXRoLmJhY2tlbmRzLk1vZGVsQmFja2VuZCIsIl9hdXRoX3VzZXJfaGFzaCI6ImRkOWI3MWU2ZjRiMmRhNDZkNDNkNjc4ZThkMjJjN2E1YmUxN2I3N2IifQ==','2019-11-15 00:57:46.145443'),('0chrdugblv9rojiuhfro4ootwfe6ibw8','ZTcyNjM0ZWM3YTFiNDEwMWIyZDNmOWIzZjlhMTExMDY4MDZiOTJlOTp7Il9hdXRoX3VzZXJfaWQiOiI3NSIsIl9hdXRoX3VzZXJfYmFja2VuZCI6ImRqYW5nby5jb250cmliLmF1dGguYmFja2VuZHMuTW9kZWxCYWNrZW5kIiwiX2F1dGhfdXNlcl9oYXNoIjoiZjlkOTY2MDEzYWE4NzFjNjM2MDZhYTcwOGY0Y2FiYzlmN2RiMGJiMSJ9','2018-10-09 08:21:20.198692'),('0euohz157gbxxyijwac58yqxzoljd772','ODhlMjM2N2E0NTNlMzY4MGYzNjUwM2ZkZTBjZjE2MTQ0OWQwMjhjZTp7Il9hdXRoX3VzZXJfaWQiOiI5NCIsIl9hdXRoX3VzZXJfYmFja2VuZCI6ImRqYW5nby5jb250cmliLmF1dGguYmFja2VuZHMuTW9kZWxCYWNrZW5kIiwiX2F1dGhfdXNlcl9oYXNoIjoiZjRiNzAzOTgwZDZlZGVjYWNmOTk3OTQ0MDQ3M2JhOTA3MzM1Y2VhZiJ9','2018-12-31 01:33:13.916601'),('0kzcsww3v7a8xt742geluvcowx60e3bb','MDRlNWIxMzM1YzRlYzI2OGI1ZmY2OWI3YjFkZGM2ZGYwMTU4MGRmMjp7Il9hdXRoX3VzZXJfaWQiOiIxNjEiLCJfYXV0aF91c2VyX2JhY2tlbmQiOiJkamFuZ28uY29udHJpYi5hdXRoLmJhY2tlbmRzLk1vZGVsQmFja2VuZCIsIl9hdXRoX3VzZXJfaGFzaCI6ImYxNjVjNjc1Yzk2OGI3YzIyMzNhZmU1ZTJiZTFlNGExMzc2NDJkZGEifQ==','2019-06-26 06:50:51.241264'),('102vq31nl8wlso70dq4x029l8m962636','NDRhZGE0Y2M2MmJlMjk3ZDhlZTFjYmQzMzQwMzM1NDRkZDU5MTM3NDp7Il9hdXRoX3VzZXJfaWQiOiI2NCIsIl9hdXRoX3VzZXJfYmFja2VuZCI6ImRqYW5nby5jb250cmliLmF1dGguYmFja2VuZHMuTW9kZWxCYWNrZW5kIiwiX2F1dGhfdXNlcl9oYXNoIjoiNGRkY2M0MzZlM2ZiNzRjNjk5N2VmN2ZhNTA0ZDZhOWM2ZWY4ZjdiZSJ9','2018-12-21 01:09:07.775030'),('10ta86dkm46uoxb52k9bu7ehxdvq8faj','OGI1ZDA2NDA5OGVkNTJlNDM1NTgxMzM3OTMzNmVmMzc2OWZlNzMyNzp7Il9hdXRoX3VzZXJfaWQiOiI2MSIsIl9hdXRoX3VzZXJfYmFja2VuZCI6ImRqYW5nby5jb250cmliLmF1dGguYmFja2VuZHMuTW9kZWxCYWNrZW5kIiwiX2F1dGhfdXNlcl9oYXNoIjoiZDg4YjlmMGY1NWNhMDJlYzM1NjVhZjdjN2YwZWM2NDJhOWNiNzUyMiJ9','2019-01-11 02:45:43.362390'),('17mnruihxcgo2w7n4l6grnwaakxv3yir','NjJiNWE1Yzk1ZmU5NjI4OTliMzBhN2I4MDZmMjE3ZDZhZGFjODU0MDp7Il9hdXRoX3VzZXJfaWQiOiIyIiwiX2F1dGhfdXNlcl9iYWNrZW5kIjoiZGphbmdvLmNvbnRyaWIuYXV0aC5iYWNrZW5kcy5Nb2RlbEJhY2tlbmQiLCJfYXV0aF91c2VyX2hhc2giOiJlODcwNjdiM2YxODFiZWE2M2MwODVkNDRhYjVlODE0ODZjNzk5ZmY0In0=','2018-11-09 09:02:53.603318'),('1dskfu4j09gx21m9jnhvrlhsbd4khf95','MTQwYzQ5MTgxZmQ0YTkyOTY5MTMwOTRhNTI2ZDIzODRkMjRmNTQwZTp7Il9hdXRoX3VzZXJfaWQiOiIzMiIsIl9hdXRoX3VzZXJfYmFja2VuZCI6ImRqYW5nby5jb250cmliLmF1dGguYmFja2VuZHMuTW9kZWxCYWNrZW5kIiwiX2F1dGhfdXNlcl9oYXNoIjoiNTgyZDhjNzc5MDM1YzMyZmRhZjFlY2I1N2IyZmZmNzc1YTRjYTViOSJ9','2019-02-28 15:54:36.516630'),('1im1t1k09f6naii1c5c9iqraka3zdmyl','ZmMzNGRmOTkyOTc5NTFiNmM1Mzg3ZTI5MWQ3YzI3NzY5NGZjYjYxODp7Il9hdXRoX3VzZXJfaWQiOiIxMzQiLCJfYXV0aF91c2VyX2JhY2tlbmQiOiJkamFuZ28uY29udHJpYi5hdXRoLmJhY2tlbmRzLk1vZGVsQmFja2VuZCIsIl9hdXRoX3VzZXJfaGFzaCI6ImYwNGM5ZjEzM2MxNDAyYzA4MWNiNTdjNjg4M2Q3ZmIwNjljNDRmY2MifQ==','2018-12-15 10:32:40.519542'),('26jp236zv6og9fj209lvqhs7uiq259n6','ODM2MmI4YzhjNTk5M2Q3YWQ1YTNiZDc3NjAzMWY0NzhmYWVlZGViYzp7Il9hdXRoX3VzZXJfaWQiOiIxNDIiLCJfYXV0aF91c2VyX2JhY2tlbmQiOiJkamFuZ28uY29udHJpYi5hdXRoLmJhY2tlbmRzLk1vZGVsQmFja2VuZCIsIl9hdXRoX3VzZXJfaGFzaCI6IjAxMDk5NzY4NmQ2MTU4MTc1NzJhYjkwNzI5N2RjYTVmYjY4ZTExNTYifQ==','2019-01-11 01:30:16.991971'),('28fz1udw0xasnrsvm9b1yo90397wjckn','YmEzNDA0ZGViZDAwM2RiZjY5MjY5NjIzMjNjYmVlOWY4Njg4MWU4MTp7Il9wYXNzd29yZF9yZXNldF90b2tlbiI6IjUyaC02ZjliM2FkM2JkNjg1OGIyMWM4ZiJ9','2019-01-10 15:03:36.730663'),('2cox9cddwnl3zhab4ljnvfuuwukpdnol','MGRkY2U2ZmM3MjkyYzY0ODFlNDVkM2NiNTdjNTI2MTQwYzQzYzQ1ODp7fQ==','2019-07-04 12:48:05.996400'),('2jfe16l2j4831yxplwzf7cj5dbclwl07','MzVlMmUwZDY0OTUxY2MxMzYyODIyZmY5ODBjZDA3YzU5MzVmMjNmOTp7Il9hdXRoX3VzZXJfaWQiOiIxMDUiLCJfYXV0aF91c2VyX2JhY2tlbmQiOiJkamFuZ28uY29udHJpYi5hdXRoLmJhY2tlbmRzLk1vZGVsQmFja2VuZCIsIl9hdXRoX3VzZXJfaGFzaCI6IjdiYzNkYTc4MWNmNjEwMWRjNjU3YzJjMzA0MTI5YTBiZjVhZTdjOTMifQ==','2019-01-28 09:53:50.451634'),('2xg2442ari91l3lusbcwuxwads4gpeir','MmUzYmFhNDIzMWYyOTkxM2E1OTVhMWVkMzNlNjk3NDBjOTA0NzViYzp7Il9hdXRoX3VzZXJfaWQiOiIxMzciLCJfYXV0aF91c2VyX2JhY2tlbmQiOiJkamFuZ28uY29udHJpYi5hdXRoLmJhY2tlbmRzLk1vZGVsQmFja2VuZCIsIl9hdXRoX3VzZXJfaGFzaCI6IjQ1ZDI0NTc3ZjliMzhiMzM5OTliMmM4ZGY1NzFkMGY1NTg5NzI5ZjgifQ==','2019-07-13 08:55:35.576505'),('3615r5bvd21ke66f5dtjfcmbmpkwt8fw','ZDAzNmRmMjk0MjBmMDVmODE2N2U4M2E3MzUzOWNlNGJjNGIwOGI4ODp7Il9wYXNzd29yZF9yZXNldF90b2tlbiI6IjU1NC0zNjQ2ZDZhOGNlNTZkODFiNzVjNSJ9','2019-04-15 02:37:16.517595'),('379zxclwrel0hguxf0u0hiwso49dyfcb','NmY2NGI2OWJkNWM1YzAxOTc1NDUzZWNjNjgzMDE4ZjZiMDE3NDQ5Zjp7Il9hdXRoX3VzZXJfaWQiOiI3IiwiX2F1dGhfdXNlcl9iYWNrZW5kIjoiZGphbmdvLmNvbnRyaWIuYXV0aC5iYWNrZW5kcy5Nb2RlbEJhY2tlbmQiLCJfYXV0aF91c2VyX2hhc2giOiI3NzJhMjM3ZDYyZmY3ZWM2NWYxY2Y1MjdkNTkzYzUzNGM2NWM2ODQ1In0=','2019-04-25 06:53:03.235376'),('393gm90g0fgkd54m8p0d98ts36u2oxvv','YWZiNzdhZGRmYzM4Y2Q0YzJhNDMyYzQzZTBhNjdiYjQxOWY5M2M0NTp7Il9wYXNzd29yZF9yZXNldF90b2tlbiI6IjU1Zy05MjU2ZjA1OWMyNWY3NmYxOTYzNiJ9','2019-04-27 00:41:55.930461'),('39bxpv0ri0415lokomsn3hwsgidhw827','NjA1MWEwZTVlNjhmZTA5M2Y3MTU3YWRiYjE4MGEzMzYxODBmYWRiNDp7Il9hdXRoX3VzZXJfaWQiOiIxNzgiLCJfYXV0aF91c2VyX2JhY2tlbmQiOiJkamFuZ28uY29udHJpYi5hdXRoLmJhY2tlbmRzLk1vZGVsQmFja2VuZCIsIl9hdXRoX3VzZXJfaGFzaCI6ImRkOWI3MWU2ZjRiMmRhNDZkNDNkNjc4ZThkMjJjN2E1YmUxN2I3N2IifQ==','2019-11-29 03:49:20.649695'),('3g8ep5p09coxbauev0qmop8cr3fg5eap','YjgwMzNhOTkyOWQ5ZTA1ODQ2ZTMyOTUwMmY1NzkxMTEyNjIwNzM2Nzp7Il9hdXRoX3VzZXJfaWQiOiIxMDciLCJfYXV0aF91c2VyX2JhY2tlbmQiOiJkamFuZ28uY29udHJpYi5hdXRoLmJhY2tlbmRzLk1vZGVsQmFja2VuZCIsIl9hdXRoX3VzZXJfaGFzaCI6ImNjZTZjNWExZmUyMjE0ODA2YzAxMjRhNmMyZTU3YzgxNmMyMzgzY2IifQ==','2019-01-28 01:24:51.753138'),('3wcayja0ve1bfz68xgdbihgjgk2u5phl','MzVjOWQ1MTFkNzg5ZDBmMWExNGY3Mzc0ZjEzMzY1ZDY2NGM5Zjg1MTp7Il9hdXRoX3VzZXJfaWQiOiIzMiIsIl9hdXRoX3VzZXJfYmFja2VuZCI6ImRqYW5nby5jb250cmliLmF1dGguYmFja2VuZHMuTW9kZWxCYWNrZW5kIiwiX2F1dGhfdXNlcl9oYXNoIjoiM2FkYzNjMjMxYjgwMjA2MmI3ODlhMmNhNGI0NjhmMTMwNjc0YmM1ZCJ9','2019-05-01 01:36:11.942349'),('3x0ih9i2vp1ijsjtplb215r9epqbwim3','YmEzNDA0ZGViZDAwM2RiZjY5MjY5NjIzMjNjYmVlOWY4Njg4MWU4MTp7Il9wYXNzd29yZF9yZXNldF90b2tlbiI6IjUyaC02ZjliM2FkM2JkNjg1OGIyMWM4ZiJ9','2019-01-10 15:03:23.507454'),('4cvcx3u94crzl8hstu84g7mfur0nm3mq','MjExMzg3ZjBhYWE4NWVlZDk1NTI3OWQ1MWM0NjA4YTNhMzZmNzJkYTp7Il9hdXRoX3VzZXJfaWQiOiI3MiIsIl9hdXRoX3VzZXJfYmFja2VuZCI6ImRqYW5nby5jb250cmliLmF1dGguYmFja2VuZHMuTW9kZWxCYWNrZW5kIiwiX2F1dGhfdXNlcl9oYXNoIjoiOGU2NmI3ZjdhOGNhYzNjZWFkYjA2YjQ2YWNiNjY0MTQyMWE5MzI2NyJ9','2019-01-10 16:52:16.843605'),('4fanigihqnp039etnjmnbanpaqf9y4i7','MjRmMDNhNjQ2ZjFjY2M1NjAwMGQ0MDg0ZmNkOWQxODM1MTExYmQ2ZTp7Il9hdXRoX3VzZXJfaWQiOiIxMzYiLCJfYXV0aF91c2VyX2JhY2tlbmQiOiJkamFuZ28uY29udHJpYi5hdXRoLmJhY2tlbmRzLk1vZGVsQmFja2VuZCIsIl9hdXRoX3VzZXJfaGFzaCI6IjNkZGRlNmU0NjY1MjY1NWJmNjA5ODdiYmQwOWFkYWZhNDhhYmY3ZjAifQ==','2018-10-10 11:24:14.750763'),('4ntapfxrr3zmmye8cbs1y3xwrtzco99v','MmIxZGQ3NzRjOWRiMjk3YjkxZGJhNjU2NDM4MmQ5MDFkZmRjMjA0ODp7Il9wYXNzd29yZF9yZXNldF90b2tlbiI6IjU1NC0zNDM0ZGU3NDgzODYwM2FjODQxZiJ9','2019-04-15 04:41:02.333100'),('4vqzjnhm35dhcc86j24i0ksmckiwi4lx','NmY2NGI2OWJkNWM1YzAxOTc1NDUzZWNjNjgzMDE4ZjZiMDE3NDQ5Zjp7Il9hdXRoX3VzZXJfaWQiOiI3IiwiX2F1dGhfdXNlcl9iYWNrZW5kIjoiZGphbmdvLmNvbnRyaWIuYXV0aC5iYWNrZW5kcy5Nb2RlbEJhY2tlbmQiLCJfYXV0aF91c2VyX2hhc2giOiI3NzJhMjM3ZDYyZmY3ZWM2NWYxY2Y1MjdkNTkzYzUzNGM2NWM2ODQ1In0=','2019-01-11 03:43:28.998525'),('4zweuuifvnwxbrdn3gi57wtm7hlftgjc','MzVjOWQ1MTFkNzg5ZDBmMWExNGY3Mzc0ZjEzMzY1ZDY2NGM5Zjg1MTp7Il9hdXRoX3VzZXJfaWQiOiIzMiIsIl9hdXRoX3VzZXJfYmFja2VuZCI6ImRqYW5nby5jb250cmliLmF1dGguYmFja2VuZHMuTW9kZWxCYWNrZW5kIiwiX2F1dGhfdXNlcl9oYXNoIjoiM2FkYzNjMjMxYjgwMjA2MmI3ODlhMmNhNGI0NjhmMTMwNjc0YmM1ZCJ9','2019-11-08 13:55:21.672852'),('55pzhprkemjk09k725bex7jmbslykuhe','NDRhZGE0Y2M2MmJlMjk3ZDhlZTFjYmQzMzQwMzM1NDRkZDU5MTM3NDp7Il9hdXRoX3VzZXJfaWQiOiI2NCIsIl9hdXRoX3VzZXJfYmFja2VuZCI6ImRqYW5nby5jb250cmliLmF1dGguYmFja2VuZHMuTW9kZWxCYWNrZW5kIiwiX2F1dGhfdXNlcl9oYXNoIjoiNGRkY2M0MzZlM2ZiNzRjNjk5N2VmN2ZhNTA0ZDZhOWM2ZWY4ZjdiZSJ9','2019-02-06 02:02:00.664210'),('5b9isrbs6ra7985tx98j8w6k2d548o1n','NTVhNmE1MGI4MzZmZDRlMDVkYTc4MGIyYWMwMjhlNmJjMzQzNGU1OTp7Il9hdXRoX3VzZXJfaWQiOiIxMDAiLCJfYXV0aF91c2VyX2JhY2tlbmQiOiJkamFuZ28uY29udHJpYi5hdXRoLmJhY2tlbmRzLk1vZGVsQmFja2VuZCIsIl9hdXRoX3VzZXJfaGFzaCI6ImMxN2Q5YWNmOWEwYjc5NTJkYjk4ZjkxNzM1ODZhZWEzYWQ1ZmUzYTMifQ==','2018-10-09 10:50:25.399686'),('5d9jrdff439zxjok6qsjlqa2qwohk6bs','NjlkOTRjY2JkOGFjNDRjYzZiZjYwYzE2ODc1NDNiYWUzMjYxYTRjMzp7Il9hdXRoX3VzZXJfaWQiOiIxMTgiLCJfYXV0aF91c2VyX2JhY2tlbmQiOiJkamFuZ28uY29udHJpYi5hdXRoLmJhY2tlbmRzLk1vZGVsQmFja2VuZCIsIl9hdXRoX3VzZXJfaGFzaCI6IjY1ZDMxNDVhZWMxMjU4NDBhZTYzNjFjMjEyZWMwMjQwNTY3NGVjZGEifQ==','2018-11-07 10:37:31.618921'),('5elfkmptqzh7hngeelgs4t2mo9iawvlb','Y2ZiZmQ5Y2RkMzJmN2NiYzg0ZmRjZTRlZjAwZGIzYjQyNmNhMDM3Njp7Il9hdXRoX3VzZXJfaWQiOiIxMzAiLCJfYXV0aF91c2VyX2JhY2tlbmQiOiJkamFuZ28uY29udHJpYi5hdXRoLmJhY2tlbmRzLk1vZGVsQmFja2VuZCIsIl9hdXRoX3VzZXJfaGFzaCI6IjVlZGM4MDk5Nzc3MzFlMTNhNmY5MWJjYWQyNjRlZmIzMTc2MGNlN2IifQ==','2018-10-09 11:18:11.837716'),('5iqt1597frgwm2lptasd6svcjhcptu6j','YWRlZjY2N2QzMjRlMzc3YjRjYTc2YmMyODdlZDEyN2FhMGFlYzFmNTp7Il9wYXNzd29yZF9yZXNldF90b2tlbiI6IjU3by1hODI5YzYwOGExNjlmN2NjMGE5MCJ9','2019-07-16 05:15:16.697253'),('5l0sq3kuwdna2rty6s1gi7lm4hbbla73','YWQzZmVjM2U4Yjc3ODQyYmEwNjA5MzQ3OTk1Mjk2NWI0NWVjZTFkZjp7Il9hdXRoX3VzZXJfaWQiOiIyOSIsIl9hdXRoX3VzZXJfYmFja2VuZCI6ImRqYW5nby5jb250cmliLmF1dGguYmFja2VuZHMuTW9kZWxCYWNrZW5kIiwiX2F1dGhfdXNlcl9oYXNoIjoiMzNkYjZlNzk4ZTI0ZmMzYTU2MWY3NzJlNmNjZWNhOWJlZmRjNDg4OSJ9','2019-05-12 05:29:50.792645'),('5lmlcqzzrwhm72trq3esfrztd8pmgu5s','NmI1ZjZlYzE5NWE3NWQxZWMwZGI4NzNiM2Q4YTBiNmMwOTQ2NWNjYjp7Il9hdXRoX3VzZXJfaWQiOiI3IiwiX2F1dGhfdXNlcl9iYWNrZW5kIjoiZGphbmdvLmNvbnRyaWIuYXV0aC5iYWNrZW5kcy5Nb2RlbEJhY2tlbmQiLCJfYXV0aF91c2VyX2hhc2giOiI2ZjQzMzRmZTlmY2QwNGVhMjhiNTNlMDExNzQwM2NhOTRkYjAxODk2In0=','2018-10-10 04:33:00.520324'),('63ienzcqysdcdfkyk8cuccij84dlpwo6','OTkyM2RmMzNkYzY1MmM4ZGMwNDY2MTYwM2FjYzU0NGQ0MWI0MzkwZTp7Il9hdXRoX3VzZXJfaWQiOiI4MCIsIl9hdXRoX3VzZXJfYmFja2VuZCI6ImRqYW5nby5jb250cmliLmF1dGguYmFja2VuZHMuTW9kZWxCYWNrZW5kIiwiX2F1dGhfdXNlcl9oYXNoIjoiM2RiYjdiZjQ3MjkwYmM5ZDkzNzIyOWFjYzQ0YTkzMGRhOWFjNjUyZCJ9','2019-07-09 14:39:03.758202'),('659vdtrmf5u86mnynyizto6ilit6ta7x','ODM2MmI4YzhjNTk5M2Q3YWQ1YTNiZDc3NjAzMWY0NzhmYWVlZGViYzp7Il9hdXRoX3VzZXJfaWQiOiIxNDIiLCJfYXV0aF91c2VyX2JhY2tlbmQiOiJkamFuZ28uY29udHJpYi5hdXRoLmJhY2tlbmRzLk1vZGVsQmFja2VuZCIsIl9hdXRoX3VzZXJfaGFzaCI6IjAxMDk5NzY4NmQ2MTU4MTc1NzJhYjkwNzI5N2RjYTVmYjY4ZTExNTYifQ==','2019-09-27 13:21:10.494391'),('65ittrm97icnpapnyc4s01d0dfizdhu4','NzdlN2UyMzc4OGIzYWE1ZWNmMjAzNDgyMTViM2FmZGE3NWI3ZWMxMTp7Il9hdXRoX3VzZXJfaWQiOiIxNzYiLCJfYXV0aF91c2VyX2JhY2tlbmQiOiJkamFuZ28uY29udHJpYi5hdXRoLmJhY2tlbmRzLk1vZGVsQmFja2VuZCIsIl9hdXRoX3VzZXJfaGFzaCI6IjVkMDA5YTkxZjFhMDdhOTMzMjc2ODNmOTBiZTRmZTBkYmFiYzZmMDEifQ==','2019-10-15 06:55:13.500426'),('69mgen8nahie96fgx0fkwpmxuc6apkqw','MDdkMzkyZGU1MDA1ODhhMGQ1YWE1NTE2NjlhODM0MzhjNGQ4ODIzNDp7Il9hdXRoX3VzZXJfaWQiOiI1NyIsIl9hdXRoX3VzZXJfYmFja2VuZCI6ImRqYW5nby5jb250cmliLmF1dGguYmFja2VuZHMuTW9kZWxCYWNrZW5kIiwiX2F1dGhfdXNlcl9oYXNoIjoiNTJlZGIxZGViMmUxZmUxMWI1ZDAzODhjOTMyOGJkYTJkODkzNjk1ZCJ9','2018-10-09 09:49:13.281921'),('6e3pmwtdqpj36b093nszwzw4yybhuogy','NjlkOTRjY2JkOGFjNDRjYzZiZjYwYzE2ODc1NDNiYWUzMjYxYTRjMzp7Il9hdXRoX3VzZXJfaWQiOiIxMTgiLCJfYXV0aF91c2VyX2JhY2tlbmQiOiJkamFuZ28uY29udHJpYi5hdXRoLmJhY2tlbmRzLk1vZGVsQmFja2VuZCIsIl9hdXRoX3VzZXJfaGFzaCI6IjY1ZDMxNDVhZWMxMjU4NDBhZTYzNjFjMjEyZWMwMjQwNTY3NGVjZGEifQ==','2019-04-15 03:06:02.962154'),('6jxdkttzvxt4jwapwcz3x10mi0gmm9lr','ZmY4OGMxZWIwZTlmZTViMTM3Y2Q4YTdjYjJkN2QzNDA5MWYzMWE1ODp7Il9hdXRoX3VzZXJfaWQiOiI0MiIsIl9hdXRoX3VzZXJfYmFja2VuZCI6ImRqYW5nby5jb250cmliLmF1dGguYmFja2VuZHMuTW9kZWxCYWNrZW5kIiwiX2F1dGhfdXNlcl9oYXNoIjoiYTI1ZGM3YTE5MWNhZDE0ZWI1MWY0YzI0ZmFjM2I1NjIyOTJmNTBlMiJ9','2019-04-15 00:38:57.451527'),('6lcp2p464cjqoodbsffmhzwjhltr8lku','MmMzMWViOGI1OGY1MjE2NTI3NjhkODU5MTQxY2VjNzZhNmJiZDA4ZTp7Il9wYXNzd29yZF9yZXNldF90b2tlbiI6IjU0YS0wYzViZGI3YmQ0ZDAxM2VlNTA4YiJ9','2019-03-16 03:29:02.892021'),('6ljue9bgf5g9c91090qlisyev206dw9o','YWQzZmVjM2U4Yjc3ODQyYmEwNjA5MzQ3OTk1Mjk2NWI0NWVjZTFkZjp7Il9hdXRoX3VzZXJfaWQiOiIyOSIsIl9hdXRoX3VzZXJfYmFja2VuZCI6ImRqYW5nby5jb250cmliLmF1dGguYmFja2VuZHMuTW9kZWxCYWNrZW5kIiwiX2F1dGhfdXNlcl9oYXNoIjoiMzNkYjZlNzk4ZTI0ZmMzYTU2MWY3NzJlNmNjZWNhOWJlZmRjNDg4OSJ9','2019-05-31 08:36:35.581995'),('6xdl8rcf0uje3djcovcvcz2dyp17l6b7','ZjQ0ZTEzM2YyMGEwZjQ5MDkwYmZjZjNhY2RmMDY0ODdkZmY3M2ZhZTp7Il9hdXRoX3VzZXJfaWQiOiI0OCIsIl9hdXRoX3VzZXJfYmFja2VuZCI6ImRqYW5nby5jb250cmliLmF1dGguYmFja2VuZHMuTW9kZWxCYWNrZW5kIiwiX2F1dGhfdXNlcl9oYXNoIjoiMTdmNWM1OTk4OGJiNzc1NjkxZjNiYzMyZGE0Mzk3YjRiOTY4NzI2MyJ9','2019-07-05 04:47:54.546554'),('71meq1uuv0lk0w7mbmhnxmrli6w8806a','ZWY0YzNkZmM4YmE2NTI0NzQ5YjUzODExZTI5YjkxM2U2NTczMTg2YTp7Il9wYXNzd29yZF9yZXNldF90b2tlbiI6IjU3dy02MmQ3NWJhNjYwMGYyZDFkYmRjNSJ9','2019-07-24 10:21:39.175749'),('73zgjsn51j585jvgyrll07mpvndfwnih','YzA4YTNjZmUzNWJkOGQ3YTUxZGIxYmFlYzhiOGYyN2JiYzY0NTZkNTp7Il9hdXRoX3VzZXJfaWQiOiI0OCIsIl9hdXRoX3VzZXJfYmFja2VuZCI6ImRqYW5nby5jb250cmliLmF1dGguYmFja2VuZHMuTW9kZWxCYWNrZW5kIiwiX2F1dGhfdXNlcl9oYXNoIjoiZTg5MDQzMmQxY2MzNDRjNzljMWQ5NzUwNmQxYThiYTlhNDQ5OTI1YiJ9','2019-01-12 02:05:17.623955'),('7ish2t7kl4iidulhakm7igyhbz4vpnv4','MmRiNTBlNDRiODczOWE0OTRkMTQ4ZTQxOTM2N2U2OWMwZDY2MWMyMjp7Il9hdXRoX3VzZXJfaWQiOiI4MiIsIl9hdXRoX3VzZXJfYmFja2VuZCI6ImRqYW5nby5jb250cmliLmF1dGguYmFja2VuZHMuTW9kZWxCYWNrZW5kIiwiX2F1dGhfdXNlcl9oYXNoIjoiNDJkOTdjNDBlM2FjMzg0OTMxZmExMTY1YmQyMDY2YWYzMmU1MGUyMiJ9','2019-07-26 03:55:27.474209'),('7tosvn3ynxz1mzryn7lz14dnql9iey1b','NjRmZTU1YTY3ODFkYTM3NGNhNTI0OTNjZGYzM2Y2ZTFlY2Q1MWU2Yzp7Il9hdXRoX3VzZXJfaWQiOiIxMDkiLCJfYXV0aF91c2VyX2JhY2tlbmQiOiJkamFuZ28uY29udHJpYi5hdXRoLmJhY2tlbmRzLk1vZGVsQmFja2VuZCIsIl9hdXRoX3VzZXJfaGFzaCI6ImE0ZmZhNjhmOGUzMzQwYzY3NDQ4YjNkZTllODk2ZDg3YTQxZWQ0ZTUifQ==','2018-10-11 04:27:17.875076'),('7xywnetde523rygrsnu7a48wfcdvdsbs','YjJjN2Q3MjFmOWQ1OTY5NTYyM2NmYWE2NTgxZmI1Mjc5YmI2YTIxNzp7Il9hdXRoX3VzZXJfaWQiOiI1NCIsIl9hdXRoX3VzZXJfYmFja2VuZCI6ImRqYW5nby5jb250cmliLmF1dGguYmFja2VuZHMuTW9kZWxCYWNrZW5kIiwiX2F1dGhfdXNlcl9oYXNoIjoiZDEwMTMwZGUyNmQzNjFmY2MzNGY4MzU1MTIxZTYzNzkyMWU4ZjRiNSJ9','2018-12-21 01:55:41.487357'),('83gft2n5fqt0co27tsszyzxa8ky4zh85','MmMzMWViOGI1OGY1MjE2NTI3NjhkODU5MTQxY2VjNzZhNmJiZDA4ZTp7Il9wYXNzd29yZF9yZXNldF90b2tlbiI6IjU0YS0wYzViZGI3YmQ0ZDAxM2VlNTA4YiJ9','2019-03-16 03:30:25.353020'),('89ever4ovupe2infi50wp9kiw9pfvr69','YmEzNDA0ZGViZDAwM2RiZjY5MjY5NjIzMjNjYmVlOWY4Njg4MWU4MTp7Il9wYXNzd29yZF9yZXNldF90b2tlbiI6IjUyaC02ZjliM2FkM2JkNjg1OGIyMWM4ZiJ9','2019-01-10 15:03:58.283367'),('8auxfqojk0oglneqb5u1xsqoha7p5y1u','NWM4NTBhZWJiN2M4NmU4MTQ2ZGM2ODI2YmYyY2ZlY2U2YzRhYmY3NDp7Il9hdXRoX3VzZXJfaWQiOiIxMDIiLCJfYXV0aF91c2VyX2JhY2tlbmQiOiJkamFuZ28uY29udHJpYi5hdXRoLmJhY2tlbmRzLk1vZGVsQmFja2VuZCIsIl9hdXRoX3VzZXJfaGFzaCI6IjBlNzVkMjZiNzVkZDUwZjBiZDM2YzJjOTg1ZmI0YmY4NmI1NTg1YjQifQ==','2018-10-10 10:15:47.913307'),('8df53kget0y7h05g739b12idqcslil51','NTU4OTAwNjEyYTZiMjgxZDMzMDFjZTg2MTI0OWJiZDNiZWU3NTlhMjp7Il9wYXNzd29yZF9yZXNldF90b2tlbiI6IjU5cC1mNTRhNTQ2MTc0MDk1MDBhZTBmNSJ9','2019-09-27 13:29:16.723587'),('8srhwm4m41jejha9xon8q045pi2ct8fc','ZDc0OThkZDAxODE5MzU0NzAzNzAwNjRhMjc5YWZiZWI0OWZhZTM2ZDp7Il9wYXNzd29yZF9yZXNldF90b2tlbiI6IjU1ay1mMjBmM2M3OTljNDI1ZjJhOTlkOSJ9','2019-05-01 05:02:42.952011'),('8x4zcr1br45tdm7neucvhj90r5g1jpa9','MTQwYzQ5MTgxZmQ0YTkyOTY5MTMwOTRhNTI2ZDIzODRkMjRmNTQwZTp7Il9hdXRoX3VzZXJfaWQiOiIzMiIsIl9hdXRoX3VzZXJfYmFja2VuZCI6ImRqYW5nby5jb250cmliLmF1dGguYmFja2VuZHMuTW9kZWxCYWNrZW5kIiwiX2F1dGhfdXNlcl9oYXNoIjoiNTgyZDhjNzc5MDM1YzMyZmRhZjFlY2I1N2IyZmZmNzc1YTRjYTViOSJ9','2018-10-09 15:56:27.585070'),('8zdbfdkrdhwann2p3mn73zirlkcus5ib','NjA1MWEwZTVlNjhmZTA5M2Y3MTU3YWRiYjE4MGEzMzYxODBmYWRiNDp7Il9hdXRoX3VzZXJfaWQiOiIxNzgiLCJfYXV0aF91c2VyX2JhY2tlbmQiOiJkamFuZ28uY29udHJpYi5hdXRoLmJhY2tlbmRzLk1vZGVsQmFja2VuZCIsIl9hdXRoX3VzZXJfaGFzaCI6ImRkOWI3MWU2ZjRiMmRhNDZkNDNkNjc4ZThkMjJjN2E1YmUxN2I3N2IifQ==','2019-11-15 02:48:28.056219'),('8zmg3pm5s177pf2pgp8e7y2zkx7horyx','MTQwYzQ5MTgxZmQ0YTkyOTY5MTMwOTRhNTI2ZDIzODRkMjRmNTQwZTp7Il9hdXRoX3VzZXJfaWQiOiIzMiIsIl9hdXRoX3VzZXJfYmFja2VuZCI6ImRqYW5nby5jb250cmliLmF1dGguYmFja2VuZHMuTW9kZWxCYWNrZW5kIiwiX2F1dGhfdXNlcl9oYXNoIjoiNTgyZDhjNzc5MDM1YzMyZmRhZjFlY2I1N2IyZmZmNzc1YTRjYTViOSJ9','2019-01-12 13:17:50.248846'),('923gdxe9vbpxhwomst4za3q3pgyrzyp3','ZTJiZDI0MDI4M2UxMDM4YzZhOGE0NTBkZmU3ZmUwODIxYWM5OTA1ZTp7Il9wYXNzd29yZF9yZXNldF90b2tlbiI6IjU1ZS04YThlZjU1ODhhMWVhMWU2M2ZkZCJ9','2019-04-25 13:09:06.761292'),('94l04w9d5oc21pvj60h4q8fl9w8f23i7','YWRkOTg1MGFlZmM3YjExNDhkYTAxNmRlMTZjMzhmZGQ0ZjQ2NjY3Njp7Il9hdXRoX3VzZXJfaWQiOiIxMTUiLCJfYXV0aF91c2VyX2JhY2tlbmQiOiJkamFuZ28uY29udHJpYi5hdXRoLmJhY2tlbmRzLk1vZGVsQmFja2VuZCIsIl9hdXRoX3VzZXJfaGFzaCI6IjJlMDUyNGM0NGNmMWRjNTgyZmQ1YTVlMDM4MTAwMzJmOGJhMDE3M2UifQ==','2018-10-25 02:21:37.223703'),('951mlzkehbcdykitx0z3tw1j508n9buh','NDRhZGE0Y2M2MmJlMjk3ZDhlZTFjYmQzMzQwMzM1NDRkZDU5MTM3NDp7Il9hdXRoX3VzZXJfaWQiOiI2NCIsIl9hdXRoX3VzZXJfYmFja2VuZCI6ImRqYW5nby5jb250cmliLmF1dGguYmFja2VuZHMuTW9kZWxCYWNrZW5kIiwiX2F1dGhfdXNlcl9oYXNoIjoiNGRkY2M0MzZlM2ZiNzRjNjk5N2VmN2ZhNTA0ZDZhOWM2ZWY4ZjdiZSJ9','2018-11-07 10:35:12.541561'),('98dkj2hzxcact9t7gk5a3wl2ndznnw71','MTQwYzQ5MTgxZmQ0YTkyOTY5MTMwOTRhNTI2ZDIzODRkMjRmNTQwZTp7Il9hdXRoX3VzZXJfaWQiOiIzMiIsIl9hdXRoX3VzZXJfYmFja2VuZCI6ImRqYW5nby5jb250cmliLmF1dGguYmFja2VuZHMuTW9kZWxCYWNrZW5kIiwiX2F1dGhfdXNlcl9oYXNoIjoiNTgyZDhjNzc5MDM1YzMyZmRhZjFlY2I1N2IyZmZmNzc1YTRjYTViOSJ9','2018-10-24 15:55:34.185212'),('9agmowwhptd2v5oi6lbrgyx94fd4lavj','MzVjOWQ1MTFkNzg5ZDBmMWExNGY3Mzc0ZjEzMzY1ZDY2NGM5Zjg1MTp7Il9hdXRoX3VzZXJfaWQiOiIzMiIsIl9hdXRoX3VzZXJfYmFja2VuZCI6ImRqYW5nby5jb250cmliLmF1dGguYmFja2VuZHMuTW9kZWxCYWNrZW5kIiwiX2F1dGhfdXNlcl9oYXNoIjoiM2FkYzNjMjMxYjgwMjA2MmI3ODlhMmNhNGI0NjhmMTMwNjc0YmM1ZCJ9','2019-06-14 12:15:17.337211'),('9e7jp5fwhmw6pkxtm0rqufbqqqdlbpzs','ZTJiZDI0MDI4M2UxMDM4YzZhOGE0NTBkZmU3ZmUwODIxYWM5OTA1ZTp7Il9wYXNzd29yZF9yZXNldF90b2tlbiI6IjU1ZS04YThlZjU1ODhhMWVhMWU2M2ZkZCJ9','2019-04-25 13:04:07.936739'),('9imn2oflpsuj21y4jpv71dgel5j1k487','MTQwYzQ5MTgxZmQ0YTkyOTY5MTMwOTRhNTI2ZDIzODRkMjRmNTQwZTp7Il9hdXRoX3VzZXJfaWQiOiIzMiIsIl9hdXRoX3VzZXJfYmFja2VuZCI6ImRqYW5nby5jb250cmliLmF1dGguYmFja2VuZHMuTW9kZWxCYWNrZW5kIiwiX2F1dGhfdXNlcl9oYXNoIjoiNTgyZDhjNzc5MDM1YzMyZmRhZjFlY2I1N2IyZmZmNzc1YTRjYTViOSJ9','2019-04-14 23:59:15.182066'),('9k2mdqlkwo1xxc1vofdk77x9dltgojke','ZDc0OThkZDAxODE5MzU0NzAzNzAwNjRhMjc5YWZiZWI0OWZhZTM2ZDp7Il9wYXNzd29yZF9yZXNldF90b2tlbiI6IjU1ay1mMjBmM2M3OTljNDI1ZjJhOTlkOSJ9','2019-05-01 05:01:25.807423'),('9mbn9awpk4v6ium6tbovd2hajbf0k6v7','MmUzYmFhNDIzMWYyOTkxM2E1OTVhMWVkMzNlNjk3NDBjOTA0NzViYzp7Il9hdXRoX3VzZXJfaWQiOiIxMzciLCJfYXV0aF91c2VyX2JhY2tlbmQiOiJkamFuZ28uY29udHJpYi5hdXRoLmJhY2tlbmRzLk1vZGVsQmFja2VuZCIsIl9hdXRoX3VzZXJfaGFzaCI6IjQ1ZDI0NTc3ZjliMzhiMzM5OTliMmM4ZGY1NzFkMGY1NTg5NzI5ZjgifQ==','2019-04-25 02:21:01.144723'),('9qtvbu0nalmkmocg21du67fbqouxm7r4','YzhjNTExZDFkY2VmNGJlYzkzM2EwYzNmODYxNDQ1ZDhmNzM5NGIwNDp7Il9hdXRoX3VzZXJfaWQiOiIxNTAiLCJfYXV0aF91c2VyX2JhY2tlbmQiOiJkamFuZ28uY29udHJpYi5hdXRoLmJhY2tlbmRzLk1vZGVsQmFja2VuZCIsIl9hdXRoX3VzZXJfaGFzaCI6IjRkYzhhOTVkZTY1MzEyNmQ1YmY3M2Q0YTBmNjljNmRhMWQwZDhmNzYifQ==','2019-01-12 04:03:46.382651'),('9r1nv7nnotljrvry5077o2rzpgarperj','ZWY0YzNkZmM4YmE2NTI0NzQ5YjUzODExZTI5YjkxM2U2NTczMTg2YTp7Il9wYXNzd29yZF9yZXNldF90b2tlbiI6IjU3dy02MmQ3NWJhNjYwMGYyZDFkYmRjNSJ9','2019-07-24 10:21:39.753511'),('a27a4i2xsyftrutlii26jf2lyfwku6u7','MmMzMWViOGI1OGY1MjE2NTI3NjhkODU5MTQxY2VjNzZhNmJiZDA4ZTp7Il9wYXNzd29yZF9yZXNldF90b2tlbiI6IjU0YS0wYzViZGI3YmQ0ZDAxM2VlNTA4YiJ9','2019-03-16 03:28:56.216186'),('a5swg97l5mlhegk5dn5mndtepryaim4x','MzVjOWQ1MTFkNzg5ZDBmMWExNGY3Mzc0ZjEzMzY1ZDY2NGM5Zjg1MTp7Il9hdXRoX3VzZXJfaWQiOiIzMiIsIl9hdXRoX3VzZXJfYmFja2VuZCI6ImRqYW5nby5jb250cmliLmF1dGguYmFja2VuZHMuTW9kZWxCYWNrZW5kIiwiX2F1dGhfdXNlcl9oYXNoIjoiM2FkYzNjMjMxYjgwMjA2MmI3ODlhMmNhNGI0NjhmMTMwNjc0YmM1ZCJ9','2019-10-10 22:31:13.876437'),('a6sow7gh5uidowoa2m7vz2kjhmx2nxki','MmQ3MTgyNjQyZDJiMGZlNmRkOTE1MWY0OWUyMDJkMTgwM2Y0ZGUwZTp7Il9wYXNzd29yZF9yZXNldF90b2tlbiI6IjU2ci0yZWE4NDVhYWVmOWM1YjYzZWZkYiJ9','2019-06-12 22:05:33.578873'),('acauofojyz56sqxldvc5wydd9ulkknzr','ZGNhMWMyY2NhNTgxMWY5ZTlmYjE4NWI2MjBiODJhNjU2MmQ1YTEzNDp7Il9wYXNzd29yZF9yZXNldF90b2tlbiI6IjViby0xMmRkY2QzOTk4ZDk0ZDNjNDY5MCJ9','2019-12-07 06:26:23.757356'),('af8sfdcgj0a8gb9k12blzfdb9t2fl9la','MzVjOWQ1MTFkNzg5ZDBmMWExNGY3Mzc0ZjEzMzY1ZDY2NGM5Zjg1MTp7Il9hdXRoX3VzZXJfaWQiOiIzMiIsIl9hdXRoX3VzZXJfYmFja2VuZCI6ImRqYW5nby5jb250cmliLmF1dGguYmFja2VuZHMuTW9kZWxCYWNrZW5kIiwiX2F1dGhfdXNlcl9oYXNoIjoiM2FkYzNjMjMxYjgwMjA2MmI3ODlhMmNhNGI0NjhmMTMwNjc0YmM1ZCJ9','2019-07-29 00:14:10.884839'),('az54bk4qvou6vur5fdacskg9b6njg4tw','ZjNiZDExMmU5ZmMxMzc2ZmM5OGU2NjM1YzY0ZWRjZjZlNjExNjZlYTp7Il9hdXRoX3VzZXJfaWQiOiIyNiIsIl9hdXRoX3VzZXJfYmFja2VuZCI6ImRqYW5nby5jb250cmliLmF1dGguYmFja2VuZHMuTW9kZWxCYWNrZW5kIiwiX2F1dGhfdXNlcl9oYXNoIjoiZGVjNzVjZmQ1ZjMxNDJjZWM5NmEzMzYzNDdlOTk2NmU3ODNjZWUxNCJ9','2019-01-30 00:29:16.719749'),('b7ag564142x87un7fcjy8v9y8rx80gcu','NjJiNWE1Yzk1ZmU5NjI4OTliMzBhN2I4MDZmMjE3ZDZhZGFjODU0MDp7Il9hdXRoX3VzZXJfaWQiOiIyIiwiX2F1dGhfdXNlcl9iYWNrZW5kIjoiZGphbmdvLmNvbnRyaWIuYXV0aC5iYWNrZW5kcy5Nb2RlbEJhY2tlbmQiLCJfYXV0aF91c2VyX2hhc2giOiJlODcwNjdiM2YxODFiZWE2M2MwODVkNDRhYjVlODE0ODZjNzk5ZmY0In0=','2018-12-08 06:11:54.462095'),('be7cvos0c0lrffuaonxe4yxjl1r6qqny','YzZkNTNlMDQ1ODk3OWQ1ZjFiN2RjMDExYjY3NGEwNzMxMGE3OGE0Mjp7Il9hdXRoX3VzZXJfaWQiOiI3MiIsIl9hdXRoX3VzZXJfYmFja2VuZCI6ImRqYW5nby5jb250cmliLmF1dGguYmFja2VuZHMuTW9kZWxCYWNrZW5kIiwiX2F1dGhfdXNlcl9oYXNoIjoiODBlYjJjOGQ4OTMwMjkwMjAxZWU0ZTUwNWIwNDQxZGY3OWMwYzJjNSJ9','2019-01-29 03:59:02.808997'),('bemz2vg9ds9ik0qi0zfh6ov8u6b5fq9e','Y2RjMzFiZDZhYjA1OTI0M2M4NDhmYzBjNGM3OGYwODJjNTVkZjNkZTp7Il9hdXRoX3VzZXJfaWQiOiIxOCIsIl9hdXRoX3VzZXJfYmFja2VuZCI6ImRqYW5nby5jb250cmliLmF1dGguYmFja2VuZHMuTW9kZWxCYWNrZW5kIiwiX2F1dGhfdXNlcl9oYXNoIjoiZmY2NmU3ODlmNjUxZGIxYWUyYzk3NWU4MzA1NzkyMThhODkyYTAwNSJ9','2018-10-09 08:55:01.302566'),('bh6qbm7fpc6rmk1i72t42wpc7d7riqic','MGI2ZThiMmY0Mzk1MTI4NzlmMWZmMjQzNzA5MmIwOTA3NTQ1NTU0ODp7Il9hdXRoX3VzZXJfaWQiOiIxOSIsIl9hdXRoX3VzZXJfYmFja2VuZCI6ImRqYW5nby5jb250cmliLmF1dGguYmFja2VuZHMuTW9kZWxCYWNrZW5kIiwiX2F1dGhfdXNlcl9oYXNoIjoiZWEyZjk1MjgzMDczOGY4NDRiOTMzYWIwZTE2YWExZTJjNDEzNjZiNyJ9','2018-12-21 13:27:04.620073'),('bl1z3l3nsxi21hj3i647ctr7rr9nadil','ZTJiZDI0MDI4M2UxMDM4YzZhOGE0NTBkZmU3ZmUwODIxYWM5OTA1ZTp7Il9wYXNzd29yZF9yZXNldF90b2tlbiI6IjU1ZS04YThlZjU1ODhhMWVhMWU2M2ZkZCJ9','2019-04-25 13:03:00.684823'),('bpqbskksyfiyx6m5ofywakcdk5o4ndx4','MzZjOTk4NzE5MjFkZDBlY2NiNTgyNTA0MmUxZmUwODE5NmIwMWNjMTp7Il9hdXRoX3VzZXJfaWQiOiI3OSIsIl9hdXRoX3VzZXJfYmFja2VuZCI6ImRqYW5nby5jb250cmliLmF1dGguYmFja2VuZHMuTW9kZWxCYWNrZW5kIiwiX2F1dGhfdXNlcl9oYXNoIjoiOWJlMmNiZDg4MWRlZTgyYTA5OGU2YmI1NDY3NDI5NWRhMjYzZmM4ZCJ9','2018-10-11 03:56:47.537173'),('bt4phc8dv54iexya5tahn3522ovbi99s','MzVjOWQ1MTFkNzg5ZDBmMWExNGY3Mzc0ZjEzMzY1ZDY2NGM5Zjg1MTp7Il9hdXRoX3VzZXJfaWQiOiIzMiIsIl9hdXRoX3VzZXJfYmFja2VuZCI6ImRqYW5nby5jb250cmliLmF1dGguYmFja2VuZHMuTW9kZWxCYWNrZW5kIiwiX2F1dGhfdXNlcl9oYXNoIjoiM2FkYzNjMjMxYjgwMjA2MmI3ODlhMmNhNGI0NjhmMTMwNjc0YmM1ZCJ9','2019-09-13 10:44:37.188142'),('btytlwj7t9ls4vpv4mpk2t65gbatdtlj','MDQyNjhjN2I4MGVhZThmMmY3NmI0YjRiYzhjZjU3NTlkYjhiZjkzOTp7Il9hdXRoX3VzZXJfaWQiOiIzMiIsIl9hdXRoX3VzZXJfYmFja2VuZCI6ImRqYW5nby5jb250cmliLmF1dGguYmFja2VuZHMuTW9kZWxCYWNrZW5kIiwiX2F1dGhfdXNlcl9oYXNoIjoiZTgxNTA5ZDllZGY2YzAxOTUyOTRjMDYyZGQwNTZmNjFkMGRlZmRiMiJ9','2018-09-18 13:06:28.045258'),('bvdljll58qmt0g3pclafb02wnuy4hg2w','MmM5OWExZDU3NmUyZjJhZWQ2MDE0MWMwY2MyYTllMDI4Y2JiYjkwYTp7Il9hdXRoX3VzZXJfaWQiOiIxMTYiLCJfYXV0aF91c2VyX2JhY2tlbmQiOiJkamFuZ28uY29udHJpYi5hdXRoLmJhY2tlbmRzLk1vZGVsQmFja2VuZCIsIl9hdXRoX3VzZXJfaGFzaCI6ImMxMmNlZTFiZjUxYTVmNGY1NWExNWJmNDdkNDU2NzFhZTAwZjIyMmQifQ==','2019-01-10 15:10:30.526685'),('caq7ybx121sdkzvor9n62yv5hgfqp9v2','OTk2MGYwOTI4NWEwMDdiODZmYWNjMjZkZDE1Y2E1MmU1N2E5NzFkMTp7Il9hdXRoX3VzZXJfaWQiOiIzNyIsIl9hdXRoX3VzZXJfYmFja2VuZCI6ImRqYW5nby5jb250cmliLmF1dGguYmFja2VuZHMuTW9kZWxCYWNrZW5kIiwiX2F1dGhfdXNlcl9oYXNoIjoiOTA4M2VhMzVkNTc4MWU1YWRiNWY5MjY3YzM2NjdjYzdjN2NjNTA0ZiJ9','2019-03-16 03:23:23.380871'),('chdlkotyr6azmp9japh3o1a1rt71962f','MTQwYzQ5MTgxZmQ0YTkyOTY5MTMwOTRhNTI2ZDIzODRkMjRmNTQwZTp7Il9hdXRoX3VzZXJfaWQiOiIzMiIsIl9hdXRoX3VzZXJfYmFja2VuZCI6ImRqYW5nby5jb250cmliLmF1dGguYmFja2VuZHMuTW9kZWxCYWNrZW5kIiwiX2F1dGhfdXNlcl9oYXNoIjoiNTgyZDhjNzc5MDM1YzMyZmRhZjFlY2I1N2IyZmZmNzc1YTRjYTViOSJ9','2018-10-10 01:04:36.090993'),('cjs25z7qf2kvt8pxgdt1p25hpewo1khv','MTQwYzQ5MTgxZmQ0YTkyOTY5MTMwOTRhNTI2ZDIzODRkMjRmNTQwZTp7Il9hdXRoX3VzZXJfaWQiOiIzMiIsIl9hdXRoX3VzZXJfYmFja2VuZCI6ImRqYW5nby5jb250cmliLmF1dGguYmFja2VuZHMuTW9kZWxCYWNrZW5kIiwiX2F1dGhfdXNlcl9oYXNoIjoiNTgyZDhjNzc5MDM1YzMyZmRhZjFlY2I1N2IyZmZmNzc1YTRjYTViOSJ9','2019-04-15 03:51:32.086639'),('cl8qbmxx2ishtoozfur0ra8cbo95f7fd','M2ZkMTU1MGU1ZGRkN2RiYmRlYzY2YjQ5MThlZjgyZDAwOWI4ZTliYjp7Il9hdXRoX3VzZXJfaWQiOiIxMiIsIl9hdXRoX3VzZXJfYmFja2VuZCI6ImRqYW5nby5jb250cmliLmF1dGguYmFja2VuZHMuTW9kZWxCYWNrZW5kIiwiX2F1dGhfdXNlcl9oYXNoIjoiMmFiNjdmNWViZjBhZmVmZmFjMWU3ZmMzYjg1NTQ2ZmYxOGNiOTE2MyJ9','2018-10-09 08:34:34.306617'),('cvia4os158e6nzm9apuj8gj2t6pwd2oo','NDg5YzczNjU2Njc5ZWZiODk1ZTBjOTBlYzgyNjg5NWMxNDkxODI1Yzp7Il9hdXRoX3VzZXJfaWQiOiI2OCIsIl9hdXRoX3VzZXJfYmFja2VuZCI6ImRqYW5nby5jb250cmliLmF1dGguYmFja2VuZHMuTW9kZWxCYWNrZW5kIiwiX2F1dGhfdXNlcl9oYXNoIjoiZGY5NTNiMDY5ZDE5NjNlY2Q2NmUxZTAwNjJlZWMwZjY2ZDYwMGNmOCJ9','2018-10-25 02:22:16.958042'),('d2ech8zzxwcuf3tb8py17o9z7mjvx9mt','ZWZjMmZjZDM2YjYwNWI3YWEzYzY3ZjM0YjNjNTZhMjZjYWVlOGJhMTp7Il9hdXRoX3VzZXJfaWQiOiIxMzAiLCJfYXV0aF91c2VyX2JhY2tlbmQiOiJkamFuZ28uY29udHJpYi5hdXRoLmJhY2tlbmRzLk1vZGVsQmFja2VuZCIsIl9hdXRoX3VzZXJfaGFzaCI6IjQ5ZGI0ZDI0ODUxOWQ1OWE2OWU4NDQxNzZjNDkyMDZiZmYwNzc1ZDIifQ==','2019-07-16 05:20:12.048111'),('d5vez0yqx2o6fv8reh4dp8qlohmbni36','NmY2NGI2OWJkNWM1YzAxOTc1NDUzZWNjNjgzMDE4ZjZiMDE3NDQ5Zjp7Il9hdXRoX3VzZXJfaWQiOiI3IiwiX2F1dGhfdXNlcl9iYWNrZW5kIjoiZGphbmdvLmNvbnRyaWIuYXV0aC5iYWNrZW5kcy5Nb2RlbEJhY2tlbmQiLCJfYXV0aF91c2VyX2hhc2giOiI3NzJhMjM3ZDYyZmY3ZWM2NWYxY2Y1MjdkNTkzYzUzNGM2NWM2ODQ1In0=','2019-07-04 13:42:10.932341'),('d7f4zsr4y6z8y0koxjsvh08h7vl395rq','YzBjZjEyYTEzN2Q3NDZjZDRkMDU1NDgxMzJkNTU5Y2U0NzdkMjUxZDp7Il9hdXRoX3VzZXJfaWQiOiI1OCIsIl9hdXRoX3VzZXJfYmFja2VuZCI6ImRqYW5nby5jb250cmliLmF1dGguYmFja2VuZHMuTW9kZWxCYWNrZW5kIiwiX2F1dGhfdXNlcl9oYXNoIjoiMDUyZDg0NTYyMGYxYWU2YjFhNzcxZWE3M2QzYjk4NDdjMmJhMWMyYSJ9','2018-10-12 04:01:56.831165'),('dbhkd8z05j4w2avn6w08qdjb8ne4jfg1','MGRkY2U2ZmM3MjkyYzY0ODFlNDVkM2NiNTdjNTI2MTQwYzQzYzQ1ODp7fQ==','2018-12-21 01:35:40.287165'),('ddi223mk7jsf5oyebids61gg1pwk9hfu','YTRkY2YxMDAwMTU2ZmJhOTkzMDBhYmRhYmMwNmQ0ZjkxZTkwYTI3ODp7Il9wYXNzd29yZF9yZXNldF90b2tlbiI6IjU3NC1hM2UyNjQzMTI3Y2JlYzJjMmZmNCJ9','2019-06-26 06:50:05.561557'),('diyhnr29al6n1jikraws9mf8o1iqm6zv','NjA1MWEwZTVlNjhmZTA5M2Y3MTU3YWRiYjE4MGEzMzYxODBmYWRiNDp7Il9hdXRoX3VzZXJfaWQiOiIxNzgiLCJfYXV0aF91c2VyX2JhY2tlbmQiOiJkamFuZ28uY29udHJpYi5hdXRoLmJhY2tlbmRzLk1vZGVsQmFja2VuZCIsIl9hdXRoX3VzZXJfaGFzaCI6ImRkOWI3MWU2ZjRiMmRhNDZkNDNkNjc4ZThkMjJjN2E1YmUxN2I3N2IifQ==','2019-11-15 02:17:45.365591'),('dmg1bissg9c8a0e0690stszmkq52tw9v','NjRmZTU1YTY3ODFkYTM3NGNhNTI0OTNjZGYzM2Y2ZTFlY2Q1MWU2Yzp7Il9hdXRoX3VzZXJfaWQiOiIxMDkiLCJfYXV0aF91c2VyX2JhY2tlbmQiOiJkamFuZ28uY29udHJpYi5hdXRoLmJhY2tlbmRzLk1vZGVsQmFja2VuZCIsIl9hdXRoX3VzZXJfaGFzaCI6ImE0ZmZhNjhmOGUzMzQwYzY3NDQ4YjNkZTllODk2ZDg3YTQxZWQ0ZTUifQ==','2018-11-07 10:29:37.596833'),('dp0sh4g6392ps6vvcv2p9lerqdxp7ox2','OTQ4OGY5ZjFlNWMwZTNkNzc1ZmJiNjMyMWQ0NGZmYWU0ZTBmMjhjYTp7Il9hdXRoX3VzZXJfaWQiOiIxMjQiLCJfYXV0aF91c2VyX2JhY2tlbmQiOiJkamFuZ28uY29udHJpYi5hdXRoLmJhY2tlbmRzLk1vZGVsQmFja2VuZCIsIl9hdXRoX3VzZXJfaGFzaCI6ImIwY2Y4MzY1YzRkZTU4MzMzOTExNTJhNzQ0NGQ4MGM2NzU0NjFlMmUifQ==','2018-10-31 05:54:41.623012'),('dtjpktigt5kqhzlcx1u9uh2cfycmyd5v','MTQwYzQ5MTgxZmQ0YTkyOTY5MTMwOTRhNTI2ZDIzODRkMjRmNTQwZTp7Il9hdXRoX3VzZXJfaWQiOiIzMiIsIl9hdXRoX3VzZXJfYmFja2VuZCI6ImRqYW5nby5jb250cmliLmF1dGguYmFja2VuZHMuTW9kZWxCYWNrZW5kIiwiX2F1dGhfdXNlcl9oYXNoIjoiNTgyZDhjNzc5MDM1YzMyZmRhZjFlY2I1N2IyZmZmNzc1YTRjYTViOSJ9','2018-11-29 11:01:32.422736'),('duj6zrxxmehr09mml5t8tvf2e07wou7s','MmUzYmFhNDIzMWYyOTkxM2E1OTVhMWVkMzNlNjk3NDBjOTA0NzViYzp7Il9hdXRoX3VzZXJfaWQiOiIxMzciLCJfYXV0aF91c2VyX2JhY2tlbmQiOiJkamFuZ28uY29udHJpYi5hdXRoLmJhY2tlbmRzLk1vZGVsQmFja2VuZCIsIl9hdXRoX3VzZXJfaGFzaCI6IjQ1ZDI0NTc3ZjliMzhiMzM5OTliMmM4ZGY1NzFkMGY1NTg5NzI5ZjgifQ==','2019-12-23 03:17:24.722885'),('e47u4r3dfohvi69wnk06r9tasakqdnzu','MDQyNjhjN2I4MGVhZThmMmY3NmI0YjRiYzhjZjU3NTlkYjhiZjkzOTp7Il9hdXRoX3VzZXJfaWQiOiIzMiIsIl9hdXRoX3VzZXJfYmFja2VuZCI6ImRqYW5nby5jb250cmliLmF1dGguYmFja2VuZHMuTW9kZWxCYWNrZW5kIiwiX2F1dGhfdXNlcl9oYXNoIjoiZTgxNTA5ZDllZGY2YzAxOTUyOTRjMDYyZGQwNTZmNjFkMGRlZmRiMiJ9','2018-09-19 06:23:04.540721'),('e4av2biu8fzdlzivj0xp2gxcwywd8c5h','MDExZTU4MTE0N2JhNWFmNzExMTdhM2FlNGNlOWQ2OTBjZDc4ZmE5Yjp7Il9hdXRoX3VzZXJfaWQiOiIxNTEiLCJfYXV0aF91c2VyX2JhY2tlbmQiOiJkamFuZ28uY29udHJpYi5hdXRoLmJhY2tlbmRzLk1vZGVsQmFja2VuZCIsIl9hdXRoX3VzZXJfaGFzaCI6IjY1ODAxZWQ0MmRjOTRmM2JkZjAwZWY2ZGI4ODkyMjEwN2RmNWY5NzIifQ==','2019-01-29 13:27:46.110286'),('e9q27pj8rb5ate1le8e76qtmam1xoz0d','ZTMwZDdkNDczNTNiNDA2YzUzOTNkYmMxMGY4NDRhODg5MjJkZjMxZDp7Il9hdXRoX3VzZXJfaWQiOiI3NSIsIl9hdXRoX3VzZXJfYmFja2VuZCI6ImRqYW5nby5jb250cmliLmF1dGguYmFja2VuZHMuTW9kZWxCYWNrZW5kIiwiX2F1dGhfdXNlcl9oYXNoIjoiYTA3ZmI5MTYzODc2NmY5NmFhNzI0Nzg3MzA1NjI3YTgzMGQ2OTYwNiJ9','2019-04-29 07:25:23.279484'),('ecf66wgpm7rkw8cfp5x78yref9c48x23','MGRkY2U2ZmM3MjkyYzY0ODFlNDVkM2NiNTdjNTI2MTQwYzQzYzQ1ODp7fQ==','2019-04-15 01:10:40.487847'),('ecqqwedwksb12m0vt5apn9p3otaskoy6','MmUzYmFhNDIzMWYyOTkxM2E1OTVhMWVkMzNlNjk3NDBjOTA0NzViYzp7Il9hdXRoX3VzZXJfaWQiOiIxMzciLCJfYXV0aF91c2VyX2JhY2tlbmQiOiJkamFuZ28uY29udHJpYi5hdXRoLmJhY2tlbmRzLk1vZGVsQmFja2VuZCIsIl9hdXRoX3VzZXJfaGFzaCI6IjQ1ZDI0NTc3ZjliMzhiMzM5OTliMmM4ZGY1NzFkMGY1NTg5NzI5ZjgifQ==','2019-11-14 01:57:46.429753'),('eefqaj7f6y9srykux82221ycpzqhcivk','MjE2OGZiMDY1MzE3NzNkNzliY2ZlYWIzZmU0YmI4NWJkMDZmM2U4Yjp7Il9hdXRoX3VzZXJfaWQiOiIxMTkiLCJfYXV0aF91c2VyX2JhY2tlbmQiOiJkamFuZ28uY29udHJpYi5hdXRoLmJhY2tlbmRzLk1vZGVsQmFja2VuZCIsIl9hdXRoX3VzZXJfaGFzaCI6IjBhZmMwMjBhNDM0YzRkNWYyOTAwMDMwM2VhZmY1YTdjYjc3NjhjMGMifQ==','2018-10-26 00:58:27.270129'),('egch37y8vfuim9lf9fpx36t4k0bhfg38','YzhjNTExZDFkY2VmNGJlYzkzM2EwYzNmODYxNDQ1ZDhmNzM5NGIwNDp7Il9hdXRoX3VzZXJfaWQiOiIxNTAiLCJfYXV0aF91c2VyX2JhY2tlbmQiOiJkamFuZ28uY29udHJpYi5hdXRoLmJhY2tlbmRzLk1vZGVsQmFja2VuZCIsIl9hdXRoX3VzZXJfaGFzaCI6IjRkYzhhOTVkZTY1MzEyNmQ1YmY3M2Q0YTBmNjljNmRhMWQwZDhmNzYifQ==','2019-01-29 06:14:11.760271'),('eiv7b1pcfmgdley1qzawuxag0ef42wic','MzVjOWQ1MTFkNzg5ZDBmMWExNGY3Mzc0ZjEzMzY1ZDY2NGM5Zjg1MTp7Il9hdXRoX3VzZXJfaWQiOiIzMiIsIl9hdXRoX3VzZXJfYmFja2VuZCI6ImRqYW5nby5jb250cmliLmF1dGguYmFja2VuZHMuTW9kZWxCYWNrZW5kIiwiX2F1dGhfdXNlcl9oYXNoIjoiM2FkYzNjMjMxYjgwMjA2MmI3ODlhMmNhNGI0NjhmMTMwNjc0YmM1ZCJ9','2019-07-05 05:38:35.067714'),('eo7wvfj4sdfvukhnrhaq5pbft1z7ti40','MzVjOWQ1MTFkNzg5ZDBmMWExNGY3Mzc0ZjEzMzY1ZDY2NGM5Zjg1MTp7Il9hdXRoX3VzZXJfaWQiOiIzMiIsIl9hdXRoX3VzZXJfYmFja2VuZCI6ImRqYW5nby5jb250cmliLmF1dGguYmFja2VuZHMuTW9kZWxCYWNrZW5kIiwiX2F1dGhfdXNlcl9oYXNoIjoiM2FkYzNjMjMxYjgwMjA2MmI3ODlhMmNhNGI0NjhmMTMwNjc0YmM1ZCJ9','2019-05-31 11:46:03.032748'),('f8jo25rmp6x96hvhqusbtyrk8ghti3sw','MzVjOWQ1MTFkNzg5ZDBmMWExNGY3Mzc0ZjEzMzY1ZDY2NGM5Zjg1MTp7Il9hdXRoX3VzZXJfaWQiOiIzMiIsIl9hdXRoX3VzZXJfYmFja2VuZCI6ImRqYW5nby5jb250cmliLmF1dGguYmFja2VuZHMuTW9kZWxCYWNrZW5kIiwiX2F1dGhfdXNlcl9oYXNoIjoiM2FkYzNjMjMxYjgwMjA2MmI3ODlhMmNhNGI0NjhmMTMwNjc0YmM1ZCJ9','2019-07-04 12:56:14.527200'),('fblxz6g97b8x3wfwxhuuuw1n3wde6opx','NjA1MWEwZTVlNjhmZTA5M2Y3MTU3YWRiYjE4MGEzMzYxODBmYWRiNDp7Il9hdXRoX3VzZXJfaWQiOiIxNzgiLCJfYXV0aF91c2VyX2JhY2tlbmQiOiJkamFuZ28uY29udHJpYi5hdXRoLmJhY2tlbmRzLk1vZGVsQmFja2VuZCIsIl9hdXRoX3VzZXJfaGFzaCI6ImRkOWI3MWU2ZjRiMmRhNDZkNDNkNjc4ZThkMjJjN2E1YmUxN2I3N2IifQ==','2019-12-11 00:44:43.706750'),('fdasjvfknqrjtxyrahmmio80xjjgslwu','MjI0NzRhNjcyMWU0YzQ4NmExOGY1ZWFhMjBmOWQ0OTYyNTNiMTBjMTp7Il9hdXRoX3VzZXJfaWQiOiI3OCIsIl9hdXRoX3VzZXJfYmFja2VuZCI6ImRqYW5nby5jb250cmliLmF1dGguYmFja2VuZHMuTW9kZWxCYWNrZW5kIiwiX2F1dGhfdXNlcl9oYXNoIjoiM2E4NzllMDIzODFkZmQ4YmRiMWFhYzNiOTUzZGFjODExYzYwNjg0MiJ9','2018-12-21 03:41:04.875315'),('fgz20ti1zucgbhtu5a45tc0s0q92li9u','MTQwYzQ5MTgxZmQ0YTkyOTY5MTMwOTRhNTI2ZDIzODRkMjRmNTQwZTp7Il9hdXRoX3VzZXJfaWQiOiIzMiIsIl9hdXRoX3VzZXJfYmFja2VuZCI6ImRqYW5nby5jb250cmliLmF1dGguYmFja2VuZHMuTW9kZWxCYWNrZW5kIiwiX2F1dGhfdXNlcl9oYXNoIjoiNTgyZDhjNzc5MDM1YzMyZmRhZjFlY2I1N2IyZmZmNzc1YTRjYTViOSJ9','2019-03-16 02:22:46.876630'),('fmivapul7btwikn3lrve2eh595kj6yhn','MzVjOWQ1MTFkNzg5ZDBmMWExNGY3Mzc0ZjEzMzY1ZDY2NGM5Zjg1MTp7Il9hdXRoX3VzZXJfaWQiOiIzMiIsIl9hdXRoX3VzZXJfYmFja2VuZCI6ImRqYW5nby5jb250cmliLmF1dGguYmFja2VuZHMuTW9kZWxCYWNrZW5kIiwiX2F1dGhfdXNlcl9oYXNoIjoiM2FkYzNjMjMxYjgwMjA2MmI3ODlhMmNhNGI0NjhmMTMwNjc0YmM1ZCJ9','2019-08-17 01:37:40.309549'),('foe5s3gwkyy5v5k81vv8gjocl24s5bx6','YWQzZmVjM2U4Yjc3ODQyYmEwNjA5MzQ3OTk1Mjk2NWI0NWVjZTFkZjp7Il9hdXRoX3VzZXJfaWQiOiIyOSIsIl9hdXRoX3VzZXJfYmFja2VuZCI6ImRqYW5nby5jb250cmliLmF1dGguYmFja2VuZHMuTW9kZWxCYWNrZW5kIiwiX2F1dGhfdXNlcl9oYXNoIjoiMzNkYjZlNzk4ZTI0ZmMzYTU2MWY3NzJlNmNjZWNhOWJlZmRjNDg4OSJ9','2019-04-25 16:10:39.930261'),('fohofzwr4aug3j87gffp57xwa40s170e','MzVjNmQ3YWUyNzlhZmI0MGJhNjZjYTY1OWRhODg4YWMzMjYwMzI4Yjp7Il9hdXRoX3VzZXJfaWQiOiI3MCIsIl9hdXRoX3VzZXJfYmFja2VuZCI6ImRqYW5nby5jb250cmliLmF1dGguYmFja2VuZHMuTW9kZWxCYWNrZW5kIiwiX2F1dGhfdXNlcl9oYXNoIjoiOGI4MmI5NDc1YTUyYzUxNjY0ODA1ODk5YTM3NDBjMmUwOGQ2MTFjZCJ9','2019-01-30 03:28:59.317435'),('frg1r20upwpqi10xar20jihjudfdjza2','MTQwYzQ5MTgxZmQ0YTkyOTY5MTMwOTRhNTI2ZDIzODRkMjRmNTQwZTp7Il9hdXRoX3VzZXJfaWQiOiIzMiIsIl9hdXRoX3VzZXJfYmFja2VuZCI6ImRqYW5nby5jb250cmliLmF1dGguYmFja2VuZHMuTW9kZWxCYWNrZW5kIiwiX2F1dGhfdXNlcl9oYXNoIjoiNTgyZDhjNzc5MDM1YzMyZmRhZjFlY2I1N2IyZmZmNzc1YTRjYTViOSJ9','2018-12-21 00:32:06.670990'),('ft0zggq7f4g07e1zch126f0s1a01mwio','MGRkY2U2ZmM3MjkyYzY0ODFlNDVkM2NiNTdjNTI2MTQwYzQzYzQ1ODp7fQ==','2019-04-15 01:48:04.676037'),('ftk0s6s6uy47bmhhsudw4i79fbwg8kqv','MzVjOWQ1MTFkNzg5ZDBmMWExNGY3Mzc0ZjEzMzY1ZDY2NGM5Zjg1MTp7Il9hdXRoX3VzZXJfaWQiOiIzMiIsIl9hdXRoX3VzZXJfYmFja2VuZCI6ImRqYW5nby5jb250cmliLmF1dGguYmFja2VuZHMuTW9kZWxCYWNrZW5kIiwiX2F1dGhfdXNlcl9oYXNoIjoiM2FkYzNjMjMxYjgwMjA2MmI3ODlhMmNhNGI0NjhmMTMwNjc0YmM1ZCJ9','2019-07-05 04:45:13.812536'),('g0ki2morlmwzka8wuv235xuplu360bcd','OTkzZTMyODc5Y2I4YTllNDMxYjAxMjliOWQ3NWRmOWI5YWI4MjY3Nzp7Il9hdXRoX3VzZXJfaWQiOiI5OCIsIl9hdXRoX3VzZXJfYmFja2VuZCI6ImRqYW5nby5jb250cmliLmF1dGguYmFja2VuZHMuTW9kZWxCYWNrZW5kIiwiX2F1dGhfdXNlcl9oYXNoIjoiOWIwMjAwNTk0ZWFkYWE5ZmI2MTVmNjQyZjk2MDc0NWZmYjc4NThkMCJ9','2018-10-11 00:26:55.186208'),('g3cjine404fcd98c3x1o6p8s2hueppjv','MmUzYmFhNDIzMWYyOTkxM2E1OTVhMWVkMzNlNjk3NDBjOTA0NzViYzp7Il9hdXRoX3VzZXJfaWQiOiIxMzciLCJfYXV0aF91c2VyX2JhY2tlbmQiOiJkamFuZ28uY29udHJpYi5hdXRoLmJhY2tlbmRzLk1vZGVsQmFja2VuZCIsIl9hdXRoX3VzZXJfaGFzaCI6IjQ1ZDI0NTc3ZjliMzhiMzM5OTliMmM4ZGY1NzFkMGY1NTg5NzI5ZjgifQ==','2019-10-11 03:22:55.313138'),('gbc7mw48v05idix08p4y40eqyv174jlt','NDVmY2M0YWJkODcxNGVkNDQ4ZDEwNjBkNjQzODQ1MjFlZjI0YTQ2Yjp7Il9wYXNzd29yZF9yZXNldF90b2tlbiI6IjUyaS02MTRiMWNlOGFhNmRhOWE2MWUzZiJ9','2019-01-11 02:31:42.094594'),('gepul3ammu43mqcb48y7q736ys7cv7sg','MmM5OWExZDU3NmUyZjJhZWQ2MDE0MWMwY2MyYTllMDI4Y2JiYjkwYTp7Il9hdXRoX3VzZXJfaWQiOiIxMTYiLCJfYXV0aF91c2VyX2JhY2tlbmQiOiJkamFuZ28uY29udHJpYi5hdXRoLmJhY2tlbmRzLk1vZGVsQmFja2VuZCIsIl9hdXRoX3VzZXJfaGFzaCI6ImMxMmNlZTFiZjUxYTVmNGY1NWExNWJmNDdkNDU2NzFhZTAwZjIyMmQifQ==','2018-10-25 02:09:14.706023'),('getazfush5bqw7vgli771e0fu299spgx','ZjQxMWJkZmIxZmFlZjZkYTkxNjE5NWZiNmJhYTMxYjJiNDAzOWRjNDp7Il9wYXNzd29yZF9yZXNldF90b2tlbiI6IjUzdi05NWFhMWQ0NzI4YjZjN2E5ZjBhMCJ9','2019-03-01 15:28:13.184272'),('gg5j65w6f9z2gufm96o2bu613g2a0rzr','YzkwZGUzYjkxY2QyNGQ3MmIyMTc1MWUxZjE4YmQ3YWFlNjYxNDE0ODp7Il9hdXRoX3VzZXJfaWQiOiI5IiwiX2F1dGhfdXNlcl9iYWNrZW5kIjoiZGphbmdvLmNvbnRyaWIuYXV0aC5iYWNrZW5kcy5Nb2RlbEJhY2tlbmQiLCJfYXV0aF91c2VyX2hhc2giOiIwYjM1MWI1YWY0Y2RkODJlY2QxNjNmNmExNjBiZDUyNmU4OTIwYTNhIn0=','2018-09-26 13:05:59.968742'),('gitxoxvkov5a1gqxu4rk1u5xjbux4j0y','NmRiY2Y0MjE2ZWNjMjJiMWU1OWEyYjUyZjkxYjg2MTI5NmUwZGE1ODp7Il9hdXRoX3VzZXJfaWQiOiIxMDQiLCJfYXV0aF91c2VyX2JhY2tlbmQiOiJkamFuZ28uY29udHJpYi5hdXRoLmJhY2tlbmRzLk1vZGVsQmFja2VuZCIsIl9hdXRoX3VzZXJfaGFzaCI6IjhhNWJjNDU3N2MwZjhjMzhlODVkZDNiMDI4YjQ3MzlkMTMwMTc3N2IifQ==','2019-04-27 00:42:42.392553'),('gmoayqqa46r9qiimkwdtg025l4n00412','MzVjOWQ1MTFkNzg5ZDBmMWExNGY3Mzc0ZjEzMzY1ZDY2NGM5Zjg1MTp7Il9hdXRoX3VzZXJfaWQiOiIzMiIsIl9hdXRoX3VzZXJfYmFja2VuZCI6ImRqYW5nby5jb250cmliLmF1dGguYmFja2VuZHMuTW9kZWxCYWNrZW5kIiwiX2F1dGhfdXNlcl9oYXNoIjoiM2FkYzNjMjMxYjgwMjA2MmI3ODlhMmNhNGI0NjhmMTMwNjc0YmM1ZCJ9','2019-05-01 03:16:15.165972'),('go1o7gx81re21n09fibfkpclfzfv7nua','ZTJiZDI0MDI4M2UxMDM4YzZhOGE0NTBkZmU3ZmUwODIxYWM5OTA1ZTp7Il9wYXNzd29yZF9yZXNldF90b2tlbiI6IjU1ZS04YThlZjU1ODhhMWVhMWU2M2ZkZCJ9','2019-04-25 13:04:27.264991'),('go5cszych8n5gk8ti2donrd550jp2nc8','YWI1ZTc2MDBmMDU1OTNhYjEyNTcxNDU3YTM2OTExNWI1ZDQxYWVjZDp7Il9wYXNzd29yZF9yZXNldF90b2tlbiI6IjU3Yy0wZjM3MWM5NWFiYzk5MTRjODNiMCJ9','2019-07-04 13:45:46.667425'),('guosjti55d6muuxhle7z3uqprffw7zxy','YzZkNTNlMDQ1ODk3OWQ1ZjFiN2RjMDExYjY3NGEwNzMxMGE3OGE0Mjp7Il9hdXRoX3VzZXJfaWQiOiI3MiIsIl9hdXRoX3VzZXJfYmFja2VuZCI6ImRqYW5nby5jb250cmliLmF1dGguYmFja2VuZHMuTW9kZWxCYWNrZW5kIiwiX2F1dGhfdXNlcl9oYXNoIjoiODBlYjJjOGQ4OTMwMjkwMjAxZWU0ZTUwNWIwNDQxZGY3OWMwYzJjNSJ9','2019-01-29 03:58:24.757283'),('gv5au7lq5c60bmrc1359abixhxd2ygxe','NjA1MWEwZTVlNjhmZTA5M2Y3MTU3YWRiYjE4MGEzMzYxODBmYWRiNDp7Il9hdXRoX3VzZXJfaWQiOiIxNzgiLCJfYXV0aF91c2VyX2JhY2tlbmQiOiJkamFuZ28uY29udHJpYi5hdXRoLmJhY2tlbmRzLk1vZGVsQmFja2VuZCIsIl9hdXRoX3VzZXJfaGFzaCI6ImRkOWI3MWU2ZjRiMmRhNDZkNDNkNjc4ZThkMjJjN2E1YmUxN2I3N2IifQ==','2019-12-13 04:01:22.223807'),('h28lwe239geh48q7ahwlyu732vm3x07f','NWNkMGI5ZDAxOTQzY2M3OTZlY2YyM2MxNDU0ZDIzYzFlYjYxOTI1ODp7Il9hdXRoX3VzZXJfaWQiOiI1MSIsIl9hdXRoX3VzZXJfYmFja2VuZCI6ImRqYW5nby5jb250cmliLmF1dGguYmFja2VuZHMuTW9kZWxCYWNrZW5kIiwiX2F1dGhfdXNlcl9oYXNoIjoiOGYzZjdkODE4ZmZlODNjZmMwZTU5ZjljYTVjYWVkMWMxZWE1M2JiYiJ9','2018-10-30 00:43:04.636038'),('h2dzur92707et8ion012k575a7jvqcp3','N2I4ZDhmNWM2MWM0ZjIzOTU2MzU1YTdmYTg0M2ViMTM2M2Y1MTM2NDp7Il9hdXRoX3VzZXJfaWQiOiIzMiIsIl9hdXRoX3VzZXJfYmFja2VuZCI6ImRqYW5nby5jb250cmliLmF1dGguYmFja2VuZHMuTW9kZWxCYWNrZW5kIiwiX2F1dGhfdXNlcl9oYXNoIjoiYWY5YjYzMzhhNzJjNDliMTU4OWQzN2FlMjU1MzkyYWRhOTI0NTZmMyJ9','2018-09-25 17:31:40.130117'),('hald2691mtpwsqrqg3oz4dx8dam7wdtw','MjVjZmRiNzFmNjAzYjg0OTg5YTQwMjUyOTdhMTllNmZlNWQ4YjQwZjp7Il9hdXRoX3VzZXJfaWQiOiI1NCIsIl9hdXRoX3VzZXJfYmFja2VuZCI6ImRqYW5nby5jb250cmliLmF1dGguYmFja2VuZHMuTW9kZWxCYWNrZW5kIiwiX2F1dGhfdXNlcl9oYXNoIjoiZTBjYjc2YTEzNWE5NDhjMjI0MmEwZWM1NGViMzI3YzE4OTNmYzhiMyJ9','2018-10-10 13:32:02.767485'),('hb26fe2pgw5h2qgw7msgyc61h42rchyp','MTQwYzQ5MTgxZmQ0YTkyOTY5MTMwOTRhNTI2ZDIzODRkMjRmNTQwZTp7Il9hdXRoX3VzZXJfaWQiOiIzMiIsIl9hdXRoX3VzZXJfYmFja2VuZCI6ImRqYW5nby5jb250cmliLmF1dGguYmFja2VuZHMuTW9kZWxCYWNrZW5kIiwiX2F1dGhfdXNlcl9oYXNoIjoiNTgyZDhjNzc5MDM1YzMyZmRhZjFlY2I1N2IyZmZmNzc1YTRjYTViOSJ9','2019-03-25 16:10:22.128497'),('hckizcoqohh1q6rfenygs2i6ndjsexnr','NTk3YmQ5MjRlN2NkMmEwMzU1Zjg1Y2Y3YzkyYjI4NGNiNWY1NGUxZDp7Il9hdXRoX3VzZXJfaWQiOiIxMCIsIl9hdXRoX3VzZXJfYmFja2VuZCI6ImRqYW5nby5jb250cmliLmF1dGguYmFja2VuZHMuTW9kZWxCYWNrZW5kIiwiX2F1dGhfdXNlcl9oYXNoIjoiM2U4ZGFhNzIwMzNkNzAwYzcxMTQ4M2ExMjhjZGUwNzQ5M2IwM2YzMCJ9','2018-10-09 08:34:15.346574'),('hfw1yeitv8lj3tgm3ah6pq0wlfzw65hq','MjVjZmRiNzFmNjAzYjg0OTg5YTQwMjUyOTdhMTllNmZlNWQ4YjQwZjp7Il9hdXRoX3VzZXJfaWQiOiI1NCIsIl9hdXRoX3VzZXJfYmFja2VuZCI6ImRqYW5nby5jb250cmliLmF1dGguYmFja2VuZHMuTW9kZWxCYWNrZW5kIiwiX2F1dGhfdXNlcl9oYXNoIjoiZTBjYjc2YTEzNWE5NDhjMjI0MmEwZWM1NGViMzI3YzE4OTNmYzhiMyJ9','2018-10-10 14:17:45.331169'),('hj6a4q2j8s4asekmdnxgqozl5qayll4y','YzRiNjBkZTk2YmQwNzk5NDVkMWZmODIxYWFkMWRjZGFhN2VhMzQyNzp7Il9wYXNzd29yZF9yZXNldF90b2tlbiI6IjU3Yy1jNzlkZDFiZTU3NGE1ZDhkY2IzZCJ9','2019-07-04 12:47:37.827709'),('hv0ieqpvnkq4zjhp30pogmcdntb8w280','MTQwYzQ5MTgxZmQ0YTkyOTY5MTMwOTRhNTI2ZDIzODRkMjRmNTQwZTp7Il9hdXRoX3VzZXJfaWQiOiIzMiIsIl9hdXRoX3VzZXJfYmFja2VuZCI6ImRqYW5nby5jb250cmliLmF1dGguYmFja2VuZHMuTW9kZWxCYWNrZW5kIiwiX2F1dGhfdXNlcl9oYXNoIjoiNTgyZDhjNzc5MDM1YzMyZmRhZjFlY2I1N2IyZmZmNzc1YTRjYTViOSJ9','2019-02-06 02:15:45.218799'),('i0wpxoha9wgxsfbkh347qf0qqxhqa8xl','NzUxODNkMTdlMTQ1MzRhNDEzNmE4MDI1YWEyNWIzOGUwYWQyODhlYTp7Il9wYXNzd29yZF9yZXNldF90b2tlbiI6IjU3cS04MjRhYWEyN2ZmN2E5NTRkMDU4NiJ9','2019-07-18 03:08:22.783470'),('i42lipl6fc9w9qeue5n7hkbf4xp59vc4','MzVjOWQ1MTFkNzg5ZDBmMWExNGY3Mzc0ZjEzMzY1ZDY2NGM5Zjg1MTp7Il9hdXRoX3VzZXJfaWQiOiIzMiIsIl9hdXRoX3VzZXJfYmFja2VuZCI6ImRqYW5nby5jb250cmliLmF1dGguYmFja2VuZHMuTW9kZWxCYWNrZW5kIiwiX2F1dGhfdXNlcl9oYXNoIjoiM2FkYzNjMjMxYjgwMjA2MmI3ODlhMmNhNGI0NjhmMTMwNjc0YmM1ZCJ9','2019-12-20 06:08:48.299497'),('iaah3w3r7kn379w1svyceafmsqz6sr73','YWRkOTg1MGFlZmM3YjExNDhkYTAxNmRlMTZjMzhmZGQ0ZjQ2NjY3Njp7Il9hdXRoX3VzZXJfaWQiOiIxMTUiLCJfYXV0aF91c2VyX2JhY2tlbmQiOiJkamFuZ28uY29udHJpYi5hdXRoLmJhY2tlbmRzLk1vZGVsQmFja2VuZCIsIl9hdXRoX3VzZXJfaGFzaCI6IjJlMDUyNGM0NGNmMWRjNTgyZmQ1YTVlMDM4MTAwMzJmOGJhMDE3M2UifQ==','2018-10-09 08:47:55.594798'),('ibqhtv3zsff9w6sd2kx5lnzciolbj0uy','MTQwYzQ5MTgxZmQ0YTkyOTY5MTMwOTRhNTI2ZDIzODRkMjRmNTQwZTp7Il9hdXRoX3VzZXJfaWQiOiIzMiIsIl9hdXRoX3VzZXJfYmFja2VuZCI6ImRqYW5nby5jb250cmliLmF1dGguYmFja2VuZHMuTW9kZWxCYWNrZW5kIiwiX2F1dGhfdXNlcl9oYXNoIjoiNTgyZDhjNzc5MDM1YzMyZmRhZjFlY2I1N2IyZmZmNzc1YTRjYTViOSJ9','2019-01-12 02:32:06.045923'),('iduz4ddx5xcatqclk1tafldozbhfad9d','OTZiYTEwNGFlZDBjMmQ2YjljZWRkNTIwOTRkNmYyZGI1ZjBhMzY2ODp7Il9hdXRoX3VzZXJfaWQiOiI3NyIsIl9hdXRoX3VzZXJfYmFja2VuZCI6ImRqYW5nby5jb250cmliLmF1dGguYmFja2VuZHMuTW9kZWxCYWNrZW5kIiwiX2F1dGhfdXNlcl9oYXNoIjoiMmI0MGI0ODRjY2RhZGE0Njk3MTYxMjMzZjM5YTZhMTcxODE5MmE3YiJ9','2018-12-21 01:41:07.627185'),('ii5cgy9yuyb9888zb6e7wy1ea70w1s8p','NjA1MWEwZTVlNjhmZTA5M2Y3MTU3YWRiYjE4MGEzMzYxODBmYWRiNDp7Il9hdXRoX3VzZXJfaWQiOiIxNzgiLCJfYXV0aF91c2VyX2JhY2tlbmQiOiJkamFuZ28uY29udHJpYi5hdXRoLmJhY2tlbmRzLk1vZGVsQmFja2VuZCIsIl9hdXRoX3VzZXJfaGFzaCI6ImRkOWI3MWU2ZjRiMmRhNDZkNDNkNjc4ZThkMjJjN2E1YmUxN2I3N2IifQ==','2019-11-29 00:25:34.225619'),('iiccps4bfdvzbaz41kub44spixucqcar','NmY2NGI2OWJkNWM1YzAxOTc1NDUzZWNjNjgzMDE4ZjZiMDE3NDQ5Zjp7Il9hdXRoX3VzZXJfaWQiOiI3IiwiX2F1dGhfdXNlcl9iYWNrZW5kIjoiZGphbmdvLmNvbnRyaWIuYXV0aC5iYWNrZW5kcy5Nb2RlbEJhY2tlbmQiLCJfYXV0aF91c2VyX2hhc2giOiI3NzJhMjM3ZDYyZmY3ZWM2NWYxY2Y1MjdkNTkzYzUzNGM2NWM2ODQ1In0=','2019-09-27 11:00:19.137921'),('ik1b2e8ozluodtq3qht2vi7yi371zs5y','MjI0NzRhNjcyMWU0YzQ4NmExOGY1ZWFhMjBmOWQ0OTYyNTNiMTBjMTp7Il9hdXRoX3VzZXJfaWQiOiI3OCIsIl9hdXRoX3VzZXJfYmFja2VuZCI6ImRqYW5nby5jb250cmliLmF1dGguYmFja2VuZHMuTW9kZWxCYWNrZW5kIiwiX2F1dGhfdXNlcl9oYXNoIjoiM2E4NzllMDIzODFkZmQ4YmRiMWFhYzNiOTUzZGFjODExYzYwNjg0MiJ9','2018-10-10 13:54:25.864121'),('ix2zauu51bv7jsx8z4ki0xoj3yjgtbi3','YzYzMTE0YTNjMjJkZTM2M2MxZGM0MDQ4YjcxODk3YzVhY2Y3MGQwMDp7Il9hdXRoX3VzZXJfaWQiOiI2MSIsIl9hdXRoX3VzZXJfYmFja2VuZCI6ImRqYW5nby5jb250cmliLmF1dGguYmFja2VuZHMuTW9kZWxCYWNrZW5kIiwiX2F1dGhfdXNlcl9oYXNoIjoiNjcwNzYwODk2ODNhMTM4YmUzN2E5ZTRlNzhhZjJmZjI3OWEwMWE1NyJ9','2018-10-09 14:58:41.318471'),('j3nb8g6uxanibqmkbbym3ep5em54o82m','ZDllZDk1OGU3NDRiYzg2MzMzMTA4MDFhYjNhZjEzMGZkNmZiYzc2MTp7Il9hdXRoX3VzZXJfaWQiOiI5MiIsIl9hdXRoX3VzZXJfYmFja2VuZCI6ImRqYW5nby5jb250cmliLmF1dGguYmFja2VuZHMuTW9kZWxCYWNrZW5kIiwiX2F1dGhfdXNlcl9oYXNoIjoiZWExNmJiZWE1ZmQ5YTA3MDg4ODcxOGIyMTkzZjA0NDJiNmZlODU0MSJ9','2018-10-09 08:42:58.149277'),('jm7h801o1ugg2vsd3az787ah2h66575q','NWNkMGI5ZDAxOTQzY2M3OTZlY2YyM2MxNDU0ZDIzYzFlYjYxOTI1ODp7Il9hdXRoX3VzZXJfaWQiOiI1MSIsIl9hdXRoX3VzZXJfYmFja2VuZCI6ImRqYW5nby5jb250cmliLmF1dGguYmFja2VuZHMuTW9kZWxCYWNrZW5kIiwiX2F1dGhfdXNlcl9oYXNoIjoiOGYzZjdkODE4ZmZlODNjZmMwZTU5ZjljYTVjYWVkMWMxZWE1M2JiYiJ9','2018-10-28 16:35:15.035526'),('jqbsnhsi3zwtw8b99env6puowczpafmc','MTQwYzQ5MTgxZmQ0YTkyOTY5MTMwOTRhNTI2ZDIzODRkMjRmNTQwZTp7Il9hdXRoX3VzZXJfaWQiOiIzMiIsIl9hdXRoX3VzZXJfYmFja2VuZCI6ImRqYW5nby5jb250cmliLmF1dGguYmFja2VuZHMuTW9kZWxCYWNrZW5kIiwiX2F1dGhfdXNlcl9oYXNoIjoiNTgyZDhjNzc5MDM1YzMyZmRhZjFlY2I1N2IyZmZmNzc1YTRjYTViOSJ9','2018-10-29 02:55:19.887726'),('jv6jf1lmdtg852s9j6564xjdx5t3ethk','ZTJiZDI0MDI4M2UxMDM4YzZhOGE0NTBkZmU3ZmUwODIxYWM5OTA1ZTp7Il9wYXNzd29yZF9yZXNldF90b2tlbiI6IjU1ZS04YThlZjU1ODhhMWVhMWU2M2ZkZCJ9','2019-04-25 13:03:00.133704'),('jzdvp524os9qhy1ooy0vksjt59v13ge2','MTQwYzQ5MTgxZmQ0YTkyOTY5MTMwOTRhNTI2ZDIzODRkMjRmNTQwZTp7Il9hdXRoX3VzZXJfaWQiOiIzMiIsIl9hdXRoX3VzZXJfYmFja2VuZCI6ImRqYW5nby5jb250cmliLmF1dGguYmFja2VuZHMuTW9kZWxCYWNrZW5kIiwiX2F1dGhfdXNlcl9oYXNoIjoiNTgyZDhjNzc5MDM1YzMyZmRhZjFlY2I1N2IyZmZmNzc1YTRjYTViOSJ9','2018-11-13 23:29:40.659486'),('k3yvfq7easjrn0hhnm14kuagbxlpppqy','NmY2NGI2OWJkNWM1YzAxOTc1NDUzZWNjNjgzMDE4ZjZiMDE3NDQ5Zjp7Il9hdXRoX3VzZXJfaWQiOiI3IiwiX2F1dGhfdXNlcl9iYWNrZW5kIjoiZGphbmdvLmNvbnRyaWIuYXV0aC5iYWNrZW5kcy5Nb2RlbEJhY2tlbmQiLCJfYXV0aF91c2VyX2hhc2giOiI3NzJhMjM3ZDYyZmY3ZWM2NWYxY2Y1MjdkNTkzYzUzNGM2NWM2ODQ1In0=','2019-06-17 16:29:50.096365'),('k5e7x7pabuxlkzncsf0zupxe5xhbl37t','MzVjOWQ1MTFkNzg5ZDBmMWExNGY3Mzc0ZjEzMzY1ZDY2NGM5Zjg1MTp7Il9hdXRoX3VzZXJfaWQiOiIzMiIsIl9hdXRoX3VzZXJfYmFja2VuZCI6ImRqYW5nby5jb250cmliLmF1dGguYmFja2VuZHMuTW9kZWxCYWNrZW5kIiwiX2F1dGhfdXNlcl9oYXNoIjoiM2FkYzNjMjMxYjgwMjA2MmI3ODlhMmNhNGI0NjhmMTMwNjc0YmM1ZCJ9','2019-04-25 13:07:31.175250'),('kdoyaz9dtz19lrhvezrlr7etddg09tyi','ZmEzNDgxYmIxMGVhNDk1NjcyY2IzZjgzNDM0ZjU3NTkyMjRlNGE1NTp7Il9hdXRoX3VzZXJfaWQiOiI2NiIsIl9hdXRoX3VzZXJfYmFja2VuZCI6ImRqYW5nby5jb250cmliLmF1dGguYmFja2VuZHMuTW9kZWxCYWNrZW5kIiwiX2F1dGhfdXNlcl9oYXNoIjoiNDBmMGM0ZjMyZTc5NTAwZDljYmY0MzI1OGY2YTc0YzkxNjgyYmNmNSJ9','2019-01-11 12:58:27.269622'),('kh6cmwctk51csuuomqijhlgun10qqgvp','YWQzZmVjM2U4Yjc3ODQyYmEwNjA5MzQ3OTk1Mjk2NWI0NWVjZTFkZjp7Il9hdXRoX3VzZXJfaWQiOiIyOSIsIl9hdXRoX3VzZXJfYmFja2VuZCI6ImRqYW5nby5jb250cmliLmF1dGguYmFja2VuZHMuTW9kZWxCYWNrZW5kIiwiX2F1dGhfdXNlcl9oYXNoIjoiMzNkYjZlNzk4ZTI0ZmMzYTU2MWY3NzJlNmNjZWNhOWJlZmRjNDg4OSJ9','2019-06-01 10:00:51.003513'),('koy9epu126p9zt6xxury74i3m25u21lh','MTMzYTMwYWM0OTY3NmY5NjdmYWRmMzNjZWFjNmM4NjQ0NTdjZWY3Yzp7Il9hdXRoX3VzZXJfaWQiOiIxNDAiLCJfYXV0aF91c2VyX2JhY2tlbmQiOiJkamFuZ28uY29udHJpYi5hdXRoLmJhY2tlbmRzLk1vZGVsQmFja2VuZCIsIl9hdXRoX3VzZXJfaGFzaCI6IjgyMjcxYTUzMzNiZGVhMjk1NDdkZjc3ZDJiNzQzNzIzYjQ2NWQ2OTcifQ==','2019-04-15 01:42:01.524213'),('kqx8gor60tm62bx5qth041cr2jo38rux','MDExZTU4MTE0N2JhNWFmNzExMTdhM2FlNGNlOWQ2OTBjZDc4ZmE5Yjp7Il9hdXRoX3VzZXJfaWQiOiIxNTEiLCJfYXV0aF91c2VyX2JhY2tlbmQiOiJkamFuZ28uY29udHJpYi5hdXRoLmJhY2tlbmRzLk1vZGVsQmFja2VuZCIsIl9hdXRoX3VzZXJfaGFzaCI6IjY1ODAxZWQ0MmRjOTRmM2JkZjAwZWY2ZGI4ODkyMjEwN2RmNWY5NzIifQ==','2019-03-20 03:48:50.978722'),('kwihqevxyvsw2lg4n99qxjes14v6hdp4','NTk3YmQ5MjRlN2NkMmEwMzU1Zjg1Y2Y3YzkyYjI4NGNiNWY1NGUxZDp7Il9hdXRoX3VzZXJfaWQiOiIxMCIsIl9hdXRoX3VzZXJfYmFja2VuZCI6ImRqYW5nby5jb250cmliLmF1dGguYmFja2VuZHMuTW9kZWxCYWNrZW5kIiwiX2F1dGhfdXNlcl9oYXNoIjoiM2U4ZGFhNzIwMzNkNzAwYzcxMTQ4M2ExMjhjZGUwNzQ5M2IwM2YzMCJ9','2018-12-21 01:38:04.600087'),('l0rlw2a8u9zj8brg1u6hmecpsc7un4rz','YzZkNTNlMDQ1ODk3OWQ1ZjFiN2RjMDExYjY3NGEwNzMxMGE3OGE0Mjp7Il9hdXRoX3VzZXJfaWQiOiI3MiIsIl9hdXRoX3VzZXJfYmFja2VuZCI6ImRqYW5nby5jb250cmliLmF1dGguYmFja2VuZHMuTW9kZWxCYWNrZW5kIiwiX2F1dGhfdXNlcl9oYXNoIjoiODBlYjJjOGQ4OTMwMjkwMjAxZWU0ZTUwNWIwNDQxZGY3OWMwYzJjNSJ9','2019-04-29 06:04:39.475343'),('l55or1ux9j175mqboyqozrt7s6f0izyp','NjA1MWEwZTVlNjhmZTA5M2Y3MTU3YWRiYjE4MGEzMzYxODBmYWRiNDp7Il9hdXRoX3VzZXJfaWQiOiIxNzgiLCJfYXV0aF91c2VyX2JhY2tlbmQiOiJkamFuZ28uY29udHJpYi5hdXRoLmJhY2tlbmRzLk1vZGVsQmFja2VuZCIsIl9hdXRoX3VzZXJfaGFzaCI6ImRkOWI3MWU2ZjRiMmRhNDZkNDNkNjc4ZThkMjJjN2E1YmUxN2I3N2IifQ==','2019-11-14 07:23:06.885269'),('l6gvj1nnsvdrh5fsuj99kihx12tynm5c','NmY2NGI2OWJkNWM1YzAxOTc1NDUzZWNjNjgzMDE4ZjZiMDE3NDQ5Zjp7Il9hdXRoX3VzZXJfaWQiOiI3IiwiX2F1dGhfdXNlcl9iYWNrZW5kIjoiZGphbmdvLmNvbnRyaWIuYXV0aC5iYWNrZW5kcy5Nb2RlbEJhY2tlbmQiLCJfYXV0aF91c2VyX2hhc2giOiI3NzJhMjM3ZDYyZmY3ZWM2NWYxY2Y1MjdkNTkzYzUzNGM2NWM2ODQ1In0=','2019-03-15 15:02:10.248233'),('l94ff2wpdn5f3etagg9x7mg7kglrbb4u','MzVjOWQ1MTFkNzg5ZDBmMWExNGY3Mzc0ZjEzMzY1ZDY2NGM5Zjg1MTp7Il9hdXRoX3VzZXJfaWQiOiIzMiIsIl9hdXRoX3VzZXJfYmFja2VuZCI6ImRqYW5nby5jb250cmliLmF1dGguYmFja2VuZHMuTW9kZWxCYWNrZW5kIiwiX2F1dGhfdXNlcl9oYXNoIjoiM2FkYzNjMjMxYjgwMjA2MmI3ODlhMmNhNGI0NjhmMTMwNjc0YmM1ZCJ9','2019-07-27 23:03:44.430373'),('lcsclutj1xn092p1n4jynkbycaydkeju','MzNiMjgzOTdmNWFlYjNlZWVlZWRjODBiNmVhNDJhM2MyMDE3N2MwZDp7Il9hdXRoX3VzZXJfaWQiOiI4NyIsIl9hdXRoX3VzZXJfYmFja2VuZCI6ImRqYW5nby5jb250cmliLmF1dGguYmFja2VuZHMuTW9kZWxCYWNrZW5kIiwiX2F1dGhfdXNlcl9oYXNoIjoiMjVkOGI0NmQwNDY1MGYwMTNmNjgzODIwZDgzZWUwYzJjNzM3NDdhYyJ9','2019-07-24 10:22:00.075852'),('lq7fuoykrirxk47o49ijduc7xt1gkez5','M2IzNWE3ZjYwODQyYWVmYTYxZWFiZTMwYmI0MTk2NGE5NTdkMDMxYTp7Il9hdXRoX3VzZXJfaWQiOiI2NyIsIl9hdXRoX3VzZXJfYmFja2VuZCI6ImRqYW5nby5jb250cmliLmF1dGguYmFja2VuZHMuTW9kZWxCYWNrZW5kIiwiX2F1dGhfdXNlcl9oYXNoIjoiOTliNWYxZGU1MDA0MmMwNDdkODUxY2ZkMDE1MjY2NzdiZGUzYWVmNyJ9','2019-02-14 15:25:14.214760'),('lrsp4fruvxo30b9e81nn6wmicuradn1b','MmU0YmU5NmEyYjY3NGFiZDc1OTljZTc0NDlhNjEyNzFjYTRkMjQxNjp7Il9hdXRoX3VzZXJfaWQiOiIxNTQiLCJfYXV0aF91c2VyX2JhY2tlbmQiOiJkamFuZ28uY29udHJpYi5hdXRoLmJhY2tlbmRzLk1vZGVsQmFja2VuZCIsIl9hdXRoX3VzZXJfaGFzaCI6IjViMDIxYTQyZGNiODRjZTM2YTM2YWMyYjllYzQ4ZTE3MjJlZTY2OTUifQ==','2019-01-29 06:07:54.095519'),('lsf3pyatas75ibmbahvu25zghdviuqb1','MTYwMWUxNDVjZWJkZGIwMjJhYTg4MzhiYTc2MTMyNDYwMmM3OTViZjp7Il9wYXNzd29yZF9yZXNldF90b2tlbiI6IjU1aC00ZjU4ZjU3MWI1MGEyMzc1MDM3OCJ9','2019-04-28 12:43:45.819921'),('m3xlmdup8g8urhrvvq5x55h4yb05ghlm','MDExZTU4MTE0N2JhNWFmNzExMTdhM2FlNGNlOWQ2OTBjZDc4ZmE5Yjp7Il9hdXRoX3VzZXJfaWQiOiIxNTEiLCJfYXV0aF91c2VyX2JhY2tlbmQiOiJkamFuZ28uY29udHJpYi5hdXRoLmJhY2tlbmRzLk1vZGVsQmFja2VuZCIsIl9hdXRoX3VzZXJfaGFzaCI6IjY1ODAxZWQ0MmRjOTRmM2JkZjAwZWY2ZGI4ODkyMjEwN2RmNWY5NzIifQ==','2019-04-25 13:15:44.595932'),('m5u4apebigmwjyz2a5yzf74yauhhr7d3','MWQxMzFlZTEwZDkzNTI1Y2YwNjZkZWY2NGExM2ZlMjdlMmE3YzU1Nzp7Il9hdXRoX3VzZXJfaWQiOiI1MSIsIl9hdXRoX3VzZXJfYmFja2VuZCI6ImRqYW5nby5jb250cmliLmF1dGguYmFja2VuZHMuTW9kZWxCYWNrZW5kIiwiX2F1dGhfdXNlcl9oYXNoIjoiMTc2NzA0MzYxYTE4YjYwN2E0ZjU4YjA3YjVkMmI1ZmE5Y2I3NzAxOSJ9','2018-10-09 08:45:27.617229'),('mc8uau1k2qloepui8kih8xu48um783m0','YmVlMzc0NjAwZGRjZDE3NGEwNzYwMDM4M2EwMDZjNjMxYTc5MjRhZjp7Il9hdXRoX3VzZXJfaWQiOiIxMjEiLCJfYXV0aF91c2VyX2JhY2tlbmQiOiJkamFuZ28uY29udHJpYi5hdXRoLmJhY2tlbmRzLk1vZGVsQmFja2VuZCIsIl9hdXRoX3VzZXJfaGFzaCI6IjM4N2ZlMjA3N2VjMmU5Mzg2NGY4NWM2NDU2YzE2MzBhNTRmODNlNjkifQ==','2018-12-21 02:44:37.844476'),('mqw1tl3m22lxfr5y4xbqof0sy9d94159','NmY2NGI2OWJkNWM1YzAxOTc1NDUzZWNjNjgzMDE4ZjZiMDE3NDQ5Zjp7Il9hdXRoX3VzZXJfaWQiOiI3IiwiX2F1dGhfdXNlcl9iYWNrZW5kIjoiZGphbmdvLmNvbnRyaWIuYXV0aC5iYWNrZW5kcy5Nb2RlbEJhY2tlbmQiLCJfYXV0aF91c2VyX2hhc2giOiI3NzJhMjM3ZDYyZmY3ZWM2NWYxY2Y1MjdkNTkzYzUzNGM2NWM2ODQ1In0=','2019-02-15 06:18:38.339792'),('mv4q9uq1y6ekk44csqn343lif3oxnera','MGRkY2U2ZmM3MjkyYzY0ODFlNDVkM2NiNTdjNTI2MTQwYzQzYzQ1ODp7fQ==','2019-06-12 22:05:55.823796'),('n3lucgwyanyyk76hmw6ujhw1zcpgptoq','MTQwYzQ5MTgxZmQ0YTkyOTY5MTMwOTRhNTI2ZDIzODRkMjRmNTQwZTp7Il9hdXRoX3VzZXJfaWQiOiIzMiIsIl9hdXRoX3VzZXJfYmFja2VuZCI6ImRqYW5nby5jb250cmliLmF1dGguYmFja2VuZHMuTW9kZWxCYWNrZW5kIiwiX2F1dGhfdXNlcl9oYXNoIjoiNTgyZDhjNzc5MDM1YzMyZmRhZjFlY2I1N2IyZmZmNzc1YTRjYTViOSJ9','2018-10-30 07:35:38.074661'),('ne3d10qp404dg5q23ogtl5olng4zqc3i','ZjFlOTVhOTc3MWZjMTQ0ODJjODc3Y2NkMjQyZWNhMjI2YTU4Y2ZiODp7Il9hdXRoX3VzZXJfaWQiOiIxMzAiLCJfYXV0aF91c2VyX2JhY2tlbmQiOiJkamFuZ28uY29udHJpYi5hdXRoLmJhY2tlbmRzLk1vZGVsQmFja2VuZCIsIl9hdXRoX3VzZXJfaGFzaCI6Ijk3OGNkMWQ5NDU3OGYwN2QwZWU2ZjEwMjFlNmI0NTA2M2UyMDM5OWMifQ==','2019-04-15 02:38:43.408000'),('noemyvti1gwpvyjxc9jbrzetqju6sd6b','NTE4ZjQ4OGQ3NWEyZDM1M2YzZjBmYjNmOWZmMDgxY2IzZjc3YjkwYzp7Il9hdXRoX3VzZXJfaWQiOiI0MiIsIl9hdXRoX3VzZXJfYmFja2VuZCI6ImRqYW5nby5jb250cmliLmF1dGguYmFja2VuZHMuTW9kZWxCYWNrZW5kIiwiX2F1dGhfdXNlcl9oYXNoIjoiZmI3ODFkZGNlNzk3NmExODgyOWNmNzU4ZTI3ZDMzNjMyMDUxZjFiYSJ9','2019-07-04 13:46:52.005657'),('nulqtp8zvlzyouns35rnpbvbcb7lws8o','MTQwYzQ5MTgxZmQ0YTkyOTY5MTMwOTRhNTI2ZDIzODRkMjRmNTQwZTp7Il9hdXRoX3VzZXJfaWQiOiIzMiIsIl9hdXRoX3VzZXJfYmFja2VuZCI6ImRqYW5nby5jb250cmliLmF1dGguYmFja2VuZHMuTW9kZWxCYWNrZW5kIiwiX2F1dGhfdXNlcl9oYXNoIjoiNTgyZDhjNzc5MDM1YzMyZmRhZjFlY2I1N2IyZmZmNzc1YTRjYTViOSJ9','2018-10-09 17:20:40.273608'),('o0qrpzhc99oy2lp096kuzt3ax5xhlp4e','NjlkOTRjY2JkOGFjNDRjYzZiZjYwYzE2ODc1NDNiYWUzMjYxYTRjMzp7Il9hdXRoX3VzZXJfaWQiOiIxMTgiLCJfYXV0aF91c2VyX2JhY2tlbmQiOiJkamFuZ28uY29udHJpYi5hdXRoLmJhY2tlbmRzLk1vZGVsQmFja2VuZCIsIl9hdXRoX3VzZXJfaGFzaCI6IjY1ZDMxNDVhZWMxMjU4NDBhZTYzNjFjMjEyZWMwMjQwNTY3NGVjZGEifQ==','2018-10-10 04:37:12.332415'),('o97g5vwj6w3j2qd2lo1u1a5ytd8g2cew','MTQwYzQ5MTgxZmQ0YTkyOTY5MTMwOTRhNTI2ZDIzODRkMjRmNTQwZTp7Il9hdXRoX3VzZXJfaWQiOiIzMiIsIl9hdXRoX3VzZXJfYmFja2VuZCI6ImRqYW5nby5jb250cmliLmF1dGguYmFja2VuZHMuTW9kZWxCYWNrZW5kIiwiX2F1dGhfdXNlcl9oYXNoIjoiNTgyZDhjNzc5MDM1YzMyZmRhZjFlY2I1N2IyZmZmNzc1YTRjYTViOSJ9','2019-02-22 05:04:29.447201'),('o9ec3ollq4kpyyopfw5wjcvfgbq68b4n','ODEzMWE5YTRmMjQwYjdkZjVjMjZlODAyYTU1ZGE3ZGVlMWEwZmExMTp7Il9hdXRoX3VzZXJfaWQiOiIyMCIsIl9hdXRoX3VzZXJfYmFja2VuZCI6ImRqYW5nby5jb250cmliLmF1dGguYmFja2VuZHMuTW9kZWxCYWNrZW5kIiwiX2F1dGhfdXNlcl9oYXNoIjoiOWMzMTAzM2ZhMmI4NjkwOTMyN2Q0N2I3YWQ1NDVjZDBmOWFmZjliMSJ9','2018-10-10 11:00:59.457076'),('oegten0u3gekeeff2uie8bid0wpdxg4x','MzVjOWQ1MTFkNzg5ZDBmMWExNGY3Mzc0ZjEzMzY1ZDY2NGM5Zjg1MTp7Il9hdXRoX3VzZXJfaWQiOiIzMiIsIl9hdXRoX3VzZXJfYmFja2VuZCI6ImRqYW5nby5jb250cmliLmF1dGguYmFja2VuZHMuTW9kZWxCYWNrZW5kIiwiX2F1dGhfdXNlcl9oYXNoIjoiM2FkYzNjMjMxYjgwMjA2MmI3ODlhMmNhNGI0NjhmMTMwNjc0YmM1ZCJ9','2019-12-02 13:07:30.548525'),('oeu8jcqfl3wdsxw98oxr7zjt0uwkb2pf','N2UzNmUwMGY5YjEyODUxMWFjNjYyNmQ3YmUyNTkzZTY4YzMyMzRlZDp7Il9wYXNzd29yZF9yZXNldF90b2tlbiI6IjU0YS0wYzViZGI3YmQ0ZDAxM2VlNTA4YiIsIl9hdXRoX3VzZXJfaWQiOiIyMiIsIl9hdXRoX3VzZXJfYmFja2VuZCI6ImRqYW5nby5jb250cmliLmF1dGguYmFja2VuZHMuTW9kZWxCYWNrZW5kIiwiX2F1dGhfdXNlcl9oYXNoIjoiMjRkMjk3ZTE5MmQzMjBkZmU4ZDRmZmZiMjI3NjliYmU0ZmE4NGE1NCJ9','2019-03-16 03:44:50.704350'),('omufq3v3wfgprtbb6f2wd73nke5v8so4','NWQyNDIxMzJkOWM5NmU0NmQ0ODQzODI2YzA3YzBlOGVlMGMzNTQ2ZDp7Il9wYXNzd29yZF9yZXNldF90b2tlbiI6IjU1aS00MzBhNTQ4OGIzMmY4Y2UxNTY4MyJ9','2019-04-29 03:57:37.173953'),('owp9oyzk65vh4nrfcboxlgpt36kwuj8f','MmUzYmFhNDIzMWYyOTkxM2E1OTVhMWVkMzNlNjk3NDBjOTA0NzViYzp7Il9hdXRoX3VzZXJfaWQiOiIxMzciLCJfYXV0aF91c2VyX2JhY2tlbmQiOiJkamFuZ28uY29udHJpYi5hdXRoLmJhY2tlbmRzLk1vZGVsQmFja2VuZCIsIl9hdXRoX3VzZXJfaGFzaCI6IjQ1ZDI0NTc3ZjliMzhiMzM5OTliMmM4ZGY1NzFkMGY1NTg5NzI5ZjgifQ==','2019-06-29 02:03:50.459087'),('ozgf7p92o37q56e5t99qife1ul8zhhga','ODM5MDM2Mjc2OTA3YjJlZmRiMzRiYjdjOWQ0OGRhZDY5YzdiNWIzMTp7Il9hdXRoX3VzZXJfaWQiOiIxMDMiLCJfYXV0aF91c2VyX2JhY2tlbmQiOiJkamFuZ28uY29udHJpYi5hdXRoLmJhY2tlbmRzLk1vZGVsQmFja2VuZCIsIl9hdXRoX3VzZXJfaGFzaCI6IjBjMWJhZDc3NjU5Nzc2NjhjYWIzMjkzZjJlY2NmNDYyZjhlNTBjOWYifQ==','2019-01-11 02:23:51.295020'),('p07cx5n9slp35dt397dyitfxby3ksb8l','MmMzMWViOGI1OGY1MjE2NTI3NjhkODU5MTQxY2VjNzZhNmJiZDA4ZTp7Il9wYXNzd29yZF9yZXNldF90b2tlbiI6IjU0YS0wYzViZGI3YmQ0ZDAxM2VlNTA4YiJ9','2019-03-16 03:28:24.130337'),('p2far0l81ylm6fe228oksw1ypuv7terl','MWFlM2I5NWE4ZmY2NDBkNWM1OGYzZDJmOTYxZGMxODdmZmZmYzQyYTp7Il9hdXRoX3VzZXJfaWQiOiIxMTMiLCJfYXV0aF91c2VyX2JhY2tlbmQiOiJkamFuZ28uY29udHJpYi5hdXRoLmJhY2tlbmRzLk1vZGVsQmFja2VuZCIsIl9hdXRoX3VzZXJfaGFzaCI6IjFhYzdiOTU3NmY0YjQ2OGIzNzBiODhiOGZkOWRjMTM1YTk3MGEyM2UifQ==','2019-01-28 01:10:17.113603'),('p6i1tssn8seg6rpqybypkaesqfnbpdj8','YThjNWUzYzc5M2JlMWFmMGMzYTdlNmNlMDM0NzcxZDc0NzM5MTM5ODp7Il9hdXRoX3VzZXJfaWQiOiIxMzIiLCJfYXV0aF91c2VyX2JhY2tlbmQiOiJkamFuZ28uY29udHJpYi5hdXRoLmJhY2tlbmRzLk1vZGVsQmFja2VuZCIsIl9hdXRoX3VzZXJfaGFzaCI6IjdkMjY0YzRjY2I5MTAwYWU4YzU1ZmFlYWQ4NDc5ZTEwZjk2YTk4MzQifQ==','2018-10-09 14:32:17.815037'),('pdtearbkeqz3iim1nebuqylnfnjr2wt9','ODM2MmI4YzhjNTk5M2Q3YWQ1YTNiZDc3NjAzMWY0NzhmYWVlZGViYzp7Il9hdXRoX3VzZXJfaWQiOiIxNDIiLCJfYXV0aF91c2VyX2JhY2tlbmQiOiJkamFuZ28uY29udHJpYi5hdXRoLmJhY2tlbmRzLk1vZGVsQmFja2VuZCIsIl9hdXRoX3VzZXJfaGFzaCI6IjAxMDk5NzY4NmQ2MTU4MTc1NzJhYjkwNzI5N2RjYTVmYjY4ZTExNTYifQ==','2019-04-25 09:11:31.960224'),('pvx0fbw62gqfwuny1mz1568fwprhey3t','ODM2MmI4YzhjNTk5M2Q3YWQ1YTNiZDc3NjAzMWY0NzhmYWVlZGViYzp7Il9hdXRoX3VzZXJfaWQiOiIxNDIiLCJfYXV0aF91c2VyX2JhY2tlbmQiOiJkamFuZ28uY29udHJpYi5hdXRoLmJhY2tlbmRzLk1vZGVsQmFja2VuZCIsIl9hdXRoX3VzZXJfaGFzaCI6IjAxMDk5NzY4NmQ2MTU4MTc1NzJhYjkwNzI5N2RjYTVmYjY4ZTExNTYifQ==','2018-10-09 08:45:03.133718'),('pxh61ezanwjmr60gbnbvn9zk97q0tlp8','YzA4YTNjZmUzNWJkOGQ3YTUxZGIxYmFlYzhiOGYyN2JiYzY0NTZkNTp7Il9hdXRoX3VzZXJfaWQiOiI0OCIsIl9hdXRoX3VzZXJfYmFja2VuZCI6ImRqYW5nby5jb250cmliLmF1dGguYmFja2VuZHMuTW9kZWxCYWNrZW5kIiwiX2F1dGhfdXNlcl9oYXNoIjoiZTg5MDQzMmQxY2MzNDRjNzljMWQ5NzUwNmQxYThiYTlhNDQ5OTI1YiJ9','2019-04-05 04:03:45.715489'),('pxucxnn4mhkwhx24h5zk4dajau9n86fd','YzZkNTNlMDQ1ODk3OWQ1ZjFiN2RjMDExYjY3NGEwNzMxMGE3OGE0Mjp7Il9hdXRoX3VzZXJfaWQiOiI3MiIsIl9hdXRoX3VzZXJfYmFja2VuZCI6ImRqYW5nby5jb250cmliLmF1dGguYmFja2VuZHMuTW9kZWxCYWNrZW5kIiwiX2F1dGhfdXNlcl9oYXNoIjoiODBlYjJjOGQ4OTMwMjkwMjAxZWU0ZTUwNWIwNDQxZGY3OWMwYzJjNSJ9','2019-04-09 07:23:59.949297'),('py8dy1o2b6mqxtyskjrbmj2ja6a5ooo3','YzZkNTNlMDQ1ODk3OWQ1ZjFiN2RjMDExYjY3NGEwNzMxMGE3OGE0Mjp7Il9hdXRoX3VzZXJfaWQiOiI3MiIsIl9hdXRoX3VzZXJfYmFja2VuZCI6ImRqYW5nby5jb250cmliLmF1dGguYmFja2VuZHMuTW9kZWxCYWNrZW5kIiwiX2F1dGhfdXNlcl9oYXNoIjoiODBlYjJjOGQ4OTMwMjkwMjAxZWU0ZTUwNWIwNDQxZGY3OWMwYzJjNSJ9','2019-03-11 08:22:08.612735'),('q0kl36jhf765t21ln9mcbuakvex2w9ef','MmMzMWViOGI1OGY1MjE2NTI3NjhkODU5MTQxY2VjNzZhNmJiZDA4ZTp7Il9wYXNzd29yZF9yZXNldF90b2tlbiI6IjU0YS0wYzViZGI3YmQ0ZDAxM2VlNTA4YiJ9','2019-03-16 03:29:23.916004'),('qdz0l5ddg7coh10dfbsfx5kzcl5avw49','MmMzMWViOGI1OGY1MjE2NTI3NjhkODU5MTQxY2VjNzZhNmJiZDA4ZTp7Il9wYXNzd29yZF9yZXNldF90b2tlbiI6IjU0YS0wYzViZGI3YmQ0ZDAxM2VlNTA4YiJ9','2019-03-16 03:28:27.508724'),('qh8eozplalezylj7qm4d0t5kb0jz0ifv','MmUzYmFhNDIzMWYyOTkxM2E1OTVhMWVkMzNlNjk3NDBjOTA0NzViYzp7Il9hdXRoX3VzZXJfaWQiOiIxMzciLCJfYXV0aF91c2VyX2JhY2tlbmQiOiJkamFuZ28uY29udHJpYi5hdXRoLmJhY2tlbmRzLk1vZGVsQmFja2VuZCIsIl9hdXRoX3VzZXJfaGFzaCI6IjQ1ZDI0NTc3ZjliMzhiMzM5OTliMmM4ZGY1NzFkMGY1NTg5NzI5ZjgifQ==','2019-04-25 02:15:50.911713'),('qn5n4dz0tewd5lnqc1jq89e51o1jka1f','MmM4MmY1NWViM2JiYjgwZWY0N2QxMGYyMTFmMDdmOWYxNzIyNzdjOTp7Il9hdXRoX3VzZXJfaWQiOiIxMDQiLCJfYXV0aF91c2VyX2JhY2tlbmQiOiJkamFuZ28uY29udHJpYi5hdXRoLmJhY2tlbmRzLk1vZGVsQmFja2VuZCIsIl9hdXRoX3VzZXJfaGFzaCI6IjQxNTRjNTA4MWI1N2EwNzJkMmRjOTk0MTk5ODk3MjI0MDM1YTQwNWMifQ==','2018-10-25 23:56:39.722382'),('qt8w5m5hi4wwggbndidhtitqda8hqjiw','NTg5MDczMjA2MTkzZDJkMDg2YmQwMGQ3NjE1ODI5Nzg3MjE5Yzk2MTp7Il9hdXRoX3VzZXJfaWQiOiIxMzUiLCJfYXV0aF91c2VyX2JhY2tlbmQiOiJkamFuZ28uY29udHJpYi5hdXRoLmJhY2tlbmRzLk1vZGVsQmFja2VuZCIsIl9hdXRoX3VzZXJfaGFzaCI6ImZlOTYyODJhYzJjNzc2ZjY2YmEyODNiYWRkNjA4YjljM2NhY2E4MGMifQ==','2019-01-28 03:41:10.288429'),('qv3vjnu735fjp066nd7tiegx8si26n1q','MTQwYzQ5MTgxZmQ0YTkyOTY5MTMwOTRhNTI2ZDIzODRkMjRmNTQwZTp7Il9hdXRoX3VzZXJfaWQiOiIzMiIsIl9hdXRoX3VzZXJfYmFja2VuZCI6ImRqYW5nby5jb250cmliLmF1dGguYmFja2VuZHMuTW9kZWxCYWNrZW5kIiwiX2F1dGhfdXNlcl9oYXNoIjoiNTgyZDhjNzc5MDM1YzMyZmRhZjFlY2I1N2IyZmZmNzc1YTRjYTViOSJ9','2018-10-10 04:34:35.184230'),('qxlqfjc37s9po6kn9k1zd26l4zmbyt17','NTU3YTRkYWNlZjI2NGNjNGFkZWU5Yjc2ZWNiY2I1MjhkYzdiOTcxNTp7Il9wYXNzd29yZF9yZXNldF90b2tlbiI6IjU3eS1kYjRiZDA5MTc3MDRjNTZiN2U3ZSJ9','2019-07-26 03:50:57.510306'),('qxlqfxz5ppkwcyeg3nz3xukg5h2zqbz8','MDQyNjhjN2I4MGVhZThmMmY3NmI0YjRiYzhjZjU3NTlkYjhiZjkzOTp7Il9hdXRoX3VzZXJfaWQiOiIzMiIsIl9hdXRoX3VzZXJfYmFja2VuZCI6ImRqYW5nby5jb250cmliLmF1dGguYmFja2VuZHMuTW9kZWxCYWNrZW5kIiwiX2F1dGhfdXNlcl9oYXNoIjoiZTgxNTA5ZDllZGY2YzAxOTUyOTRjMDYyZGQwNTZmNjFkMGRlZmRiMiJ9','2018-09-23 08:45:14.134833'),('r8rohbq6vk7cin92r2kxpc8czvbkpd4c','MmMzMWViOGI1OGY1MjE2NTI3NjhkODU5MTQxY2VjNzZhNmJiZDA4ZTp7Il9wYXNzd29yZF9yZXNldF90b2tlbiI6IjU0YS0wYzViZGI3YmQ0ZDAxM2VlNTA4YiJ9','2019-03-16 03:30:49.411410'),('rbfmwaq7p5fekreawhnv93nwlhzkmebc','MTQwYzQ5MTgxZmQ0YTkyOTY5MTMwOTRhNTI2ZDIzODRkMjRmNTQwZTp7Il9hdXRoX3VzZXJfaWQiOiIzMiIsIl9hdXRoX3VzZXJfYmFja2VuZCI6ImRqYW5nby5jb250cmliLmF1dGguYmFja2VuZHMuTW9kZWxCYWNrZW5kIiwiX2F1dGhfdXNlcl9oYXNoIjoiNTgyZDhjNzc5MDM1YzMyZmRhZjFlY2I1N2IyZmZmNzc1YTRjYTViOSJ9','2019-01-29 07:24:49.879225'),('rl6n1on85n4jp82sgwkxlbrtiph2jsd0','YWRlZjY2N2QzMjRlMzc3YjRjYTc2YmMyODdlZDEyN2FhMGFlYzFmNTp7Il9wYXNzd29yZF9yZXNldF90b2tlbiI6IjU3by1hODI5YzYwOGExNjlmN2NjMGE5MCJ9','2019-07-16 05:17:49.308445'),('rpdtjqzfb5ny9kjgw5xu3vyqzv8x1e0k','YzUxMTFkZmViNjg5ZTVlZDYwOGEyNjRmMWFmNzBkY2EyY2U4NDdhMjp7Il9hdXRoX3VzZXJfaWQiOiIzMiIsIl9hdXRoX3VzZXJfYmFja2VuZCI6ImRqYW5nby5jb250cmliLmF1dGguYmFja2VuZHMuTW9kZWxCYWNrZW5kIiwiX2F1dGhfdXNlcl9oYXNoIjoiZmQzZTJkMWU3MzJmMzI0ZjYwZmQ0MmEwOWNjYTY1NzM0MTQ1MmZiOCJ9','2018-09-23 09:37:46.341823'),('rs8ye6vj1ur3hv54k4suhjdot4n8fu9w','MTYwMWUxNDVjZWJkZGIwMjJhYTg4MzhiYTc2MTMyNDYwMmM3OTViZjp7Il9wYXNzd29yZF9yZXNldF90b2tlbiI6IjU1aC00ZjU4ZjU3MWI1MGEyMzc1MDM3OCJ9','2019-04-28 12:43:32.263679'),('rv0y2i6nx2pkzrrbdwh912dsc90no4fn','ZTJiZDI0MDI4M2UxMDM4YzZhOGE0NTBkZmU3ZmUwODIxYWM5OTA1ZTp7Il9wYXNzd29yZF9yZXNldF90b2tlbiI6IjU1ZS04YThlZjU1ODhhMWVhMWU2M2ZkZCJ9','2019-04-25 13:27:48.551730'),('s78rxxg4av6gglgf3ql4njq48cd9zlbp','YzkwZGUzYjkxY2QyNGQ3MmIyMTc1MWUxZjE4YmQ3YWFlNjYxNDE0ODp7Il9hdXRoX3VzZXJfaWQiOiI5IiwiX2F1dGhfdXNlcl9iYWNrZW5kIjoiZGphbmdvLmNvbnRyaWIuYXV0aC5iYWNrZW5kcy5Nb2RlbEJhY2tlbmQiLCJfYXV0aF91c2VyX2hhc2giOiIwYjM1MWI1YWY0Y2RkODJlY2QxNjNmNmExNjBiZDUyNmU4OTIwYTNhIn0=','2018-10-10 16:22:10.084710'),('s7gptll1ea8r9390ssbevplft52dibuh','NjRmZTU1YTY3ODFkYTM3NGNhNTI0OTNjZGYzM2Y2ZTFlY2Q1MWU2Yzp7Il9hdXRoX3VzZXJfaWQiOiIxMDkiLCJfYXV0aF91c2VyX2JhY2tlbmQiOiJkamFuZ28uY29udHJpYi5hdXRoLmJhY2tlbmRzLk1vZGVsQmFja2VuZCIsIl9hdXRoX3VzZXJfaGFzaCI6ImE0ZmZhNjhmOGUzMzQwYzY3NDQ4YjNkZTllODk2ZDg3YTQxZWQ0ZTUifQ==','2018-10-11 04:24:31.549831'),('scb5a3oywukc8h3frrchuk9g39cgayu9','NTE5ODJlNjYwYmEyNmJmODFhYzRkOTdjNzg5MGJjNDY1Mzg2NDExYjp7Il9hdXRoX3VzZXJfaWQiOiI1MyIsIl9hdXRoX3VzZXJfYmFja2VuZCI6ImRqYW5nby5jb250cmliLmF1dGguYmFja2VuZHMuTW9kZWxCYWNrZW5kIiwiX2F1dGhfdXNlcl9oYXNoIjoiMmJiMGQ3ZGE0YWJmMjliZDU3YzQ4MzRjNTYzOThkZjMyMDU3YTUwNCJ9','2018-10-26 00:35:41.744653'),('sg6nji8bakm9rw2td5zgrrv2usa9q7rt','MjI0NzRhNjcyMWU0YzQ4NmExOGY1ZWFhMjBmOWQ0OTYyNTNiMTBjMTp7Il9hdXRoX3VzZXJfaWQiOiI3OCIsIl9hdXRoX3VzZXJfYmFja2VuZCI6ImRqYW5nby5jb250cmliLmF1dGguYmFja2VuZHMuTW9kZWxCYWNrZW5kIiwiX2F1dGhfdXNlcl9oYXNoIjoiM2E4NzllMDIzODFkZmQ4YmRiMWFhYzNiOTUzZGFjODExYzYwNjg0MiJ9','2019-01-10 14:47:18.627513'),('sn2s3jkt6zuhol6vt195bfwl7jk8xc66','MzVjOWQ1MTFkNzg5ZDBmMWExNGY3Mzc0ZjEzMzY1ZDY2NGM5Zjg1MTp7Il9hdXRoX3VzZXJfaWQiOiIzMiIsIl9hdXRoX3VzZXJfYmFja2VuZCI6ImRqYW5nby5jb250cmliLmF1dGguYmFja2VuZHMuTW9kZWxCYWNrZW5kIiwiX2F1dGhfdXNlcl9oYXNoIjoiM2FkYzNjMjMxYjgwMjA2MmI3ODlhMmNhNGI0NjhmMTMwNjc0YmM1ZCJ9','2019-10-18 08:09:52.692103'),('sr3ltgfhcys3qpwzbjv80zr8nskzqnhx','NmI1ZjZlYzE5NWE3NWQxZWMwZGI4NzNiM2Q4YTBiNmMwOTQ2NWNjYjp7Il9hdXRoX3VzZXJfaWQiOiI3IiwiX2F1dGhfdXNlcl9iYWNrZW5kIjoiZGphbmdvLmNvbnRyaWIuYXV0aC5iYWNrZW5kcy5Nb2RlbEJhY2tlbmQiLCJfYXV0aF91c2VyX2hhc2giOiI2ZjQzMzRmZTlmY2QwNGVhMjhiNTNlMDExNzQwM2NhOTRkYjAxODk2In0=','2018-12-21 01:12:29.248706'),('ssk9le6y1hetnxbnjzryuh9jqwshmed9','MGRkY2U2ZmM3MjkyYzY0ODFlNDVkM2NiNTdjNTI2MTQwYzQzYzQ1ODp7fQ==','2018-09-25 09:40:35.137170'),('ssts17ylupqr2ocz5xm596wn5mb8zshx','NjY0NDg3M2U1MTliOWMyMjc1N2U0Y2JhYzJjNzVjNTA2Y2RiNWFhNDp7Il9hdXRoX3VzZXJfaWQiOiIxMjUiLCJfYXV0aF91c2VyX2JhY2tlbmQiOiJkamFuZ28uY29udHJpYi5hdXRoLmJhY2tlbmRzLk1vZGVsQmFja2VuZCIsIl9hdXRoX3VzZXJfaGFzaCI6ImJkOWYwM2RjMDFjYjE0MGY0MTM3MWVkNGRkNDE4MGVmYzMzNDAwYWMifQ==','2018-10-25 02:16:39.921595'),('sttwlt41ngad392ut4qpbeh92ed5n4p9','ZmQwYTNhNjJhZmU5YzU5ZGRiMDI2ZTliOGU4NTU4Mjk0MGEzZTQ0ODp7Il9hdXRoX3VzZXJfaWQiOiIyOSIsIl9hdXRoX3VzZXJfYmFja2VuZCI6ImRqYW5nby5jb250cmliLmF1dGguYmFja2VuZHMuTW9kZWxCYWNrZW5kIiwiX2F1dGhfdXNlcl9oYXNoIjoiZDUxZDM2NzdiYzIyZDgzZmY1NzJhOWM0NjUxOTZmNDJkYTU3ZWU2YiJ9','2018-10-26 16:15:45.229513'),('sw071e2jgrx2plxjvlptbj7xjx4bxcai','NjY0NDg3M2U1MTliOWMyMjc1N2U0Y2JhYzJjNzVjNTA2Y2RiNWFhNDp7Il9hdXRoX3VzZXJfaWQiOiIxMjUiLCJfYXV0aF91c2VyX2JhY2tlbmQiOiJkamFuZ28uY29udHJpYi5hdXRoLmJhY2tlbmRzLk1vZGVsQmFja2VuZCIsIl9hdXRoX3VzZXJfaGFzaCI6ImJkOWYwM2RjMDFjYjE0MGY0MTM3MWVkNGRkNDE4MGVmYzMzNDAwYWMifQ==','2019-01-10 15:05:40.770676'),('sxzj269o9jr0aaj8feuebo41nsqif6mu','MWQxMzFlZTEwZDkzNTI1Y2YwNjZkZWY2NGExM2ZlMjdlMmE3YzU1Nzp7Il9hdXRoX3VzZXJfaWQiOiI1MSIsIl9hdXRoX3VzZXJfYmFja2VuZCI6ImRqYW5nby5jb250cmliLmF1dGguYmFja2VuZHMuTW9kZWxCYWNrZW5kIiwiX2F1dGhfdXNlcl9oYXNoIjoiMTc2NzA0MzYxYTE4YjYwN2E0ZjU4YjA3YjVkMmI1ZmE5Y2I3NzAxOSJ9','2018-10-26 04:20:53.148925'),('t1pr2vdjkii64h0rmfcv5zm3cctq7y3w','OWI3ZDhmYzJhZTczZGRkZmNiNTJjYzdjODlkNTIxOTYyNjU3ODUyODp7Il9hdXRoX3VzZXJfaWQiOiIxNjMiLCJfYXV0aF91c2VyX2JhY2tlbmQiOiJkamFuZ28uY29udHJpYi5hdXRoLmJhY2tlbmRzLk1vZGVsQmFja2VuZCIsIl9hdXRoX3VzZXJfaGFzaCI6Ijk2YzUwNGZkZDVkZmFlMTk2N2VhNDU4YTUyZGQyM2RhNGExY2ZlYjEifQ==','2019-06-12 22:06:33.447606'),('t64mdv5o50qvmbaj3p9npp7wgj9c7k3b','NjA1MWEwZTVlNjhmZTA5M2Y3MTU3YWRiYjE4MGEzMzYxODBmYWRiNDp7Il9hdXRoX3VzZXJfaWQiOiIxNzgiLCJfYXV0aF91c2VyX2JhY2tlbmQiOiJkamFuZ28uY29udHJpYi5hdXRoLmJhY2tlbmRzLk1vZGVsQmFja2VuZCIsIl9hdXRoX3VzZXJfaGFzaCI6ImRkOWI3MWU2ZjRiMmRhNDZkNDNkNjc4ZThkMjJjN2E1YmUxN2I3N2IifQ==','2019-11-14 07:22:23.504413'),('tjhqmb6k84fxpzi3s23ztsphfbth6l6w','NWM4NTBhZWJiN2M4NmU4MTQ2ZGM2ODI2YmYyY2ZlY2U2YzRhYmY3NDp7Il9hdXRoX3VzZXJfaWQiOiIxMDIiLCJfYXV0aF91c2VyX2JhY2tlbmQiOiJkamFuZ28uY29udHJpYi5hdXRoLmJhY2tlbmRzLk1vZGVsQmFja2VuZCIsIl9hdXRoX3VzZXJfaGFzaCI6IjBlNzVkMjZiNzVkZDUwZjBiZDM2YzJjOTg1ZmI0YmY4NmI1NTg1YjQifQ==','2018-12-21 01:06:50.017871'),('tqrqhfw6bl6du9tx7ji00mpn6jaqjt5x','YjMyYmIyYjI3MjFlNmNjOTU5NWYxNDk1YTYxZTFiODVjODEzNTFlMDp7Il9hdXRoX3VzZXJfaWQiOiIxNzAiLCJfYXV0aF91c2VyX2JhY2tlbmQiOiJkamFuZ28uY29udHJpYi5hdXRoLmJhY2tlbmRzLk1vZGVsQmFja2VuZCIsIl9hdXRoX3VzZXJfaGFzaCI6IjQyMWJlZWExMTYzMjNlYTMwM2E5ZjE4Y2E5ZTU0NzkxNWFjOGNjNzMifQ==','2019-07-09 15:29:30.304133'),('u5px9qbhu8tyhn6iyhc6rkyfbmsc703i','MmUzYmFhNDIzMWYyOTkxM2E1OTVhMWVkMzNlNjk3NDBjOTA0NzViYzp7Il9hdXRoX3VzZXJfaWQiOiIxMzciLCJfYXV0aF91c2VyX2JhY2tlbmQiOiJkamFuZ28uY29udHJpYi5hdXRoLmJhY2tlbmRzLk1vZGVsQmFja2VuZCIsIl9hdXRoX3VzZXJfaGFzaCI6IjQ1ZDI0NTc3ZjliMzhiMzM5OTliMmM4ZGY1NzFkMGY1NTg5NzI5ZjgifQ==','2019-09-21 00:32:26.500947'),('u90yrgbce0grqm168r9ktxokhg3yz16p','NzAwMDkwMjhhNjg0MGI1OGM4NjNjYTllNzQ4OWExNzcxMTI2OWJhNDp7Il9hdXRoX3VzZXJfaWQiOiI3MSIsIl9hdXRoX3VzZXJfYmFja2VuZCI6ImRqYW5nby5jb250cmliLmF1dGguYmFja2VuZHMuTW9kZWxCYWNrZW5kIiwiX2F1dGhfdXNlcl9oYXNoIjoiZGNiYjNhZWQ1NTczYTE5MDI2ZmRhYTZjOTA1ZDQxNDY4MDg0ZjBjYyJ9','2019-04-15 05:49:57.245423'),('ubfot9q15dab26u94vtc6r8ugxv89ki1','N2JmMWY4MWQwOGZlZmIyNDQ1YjBkYTkwNGFjYmEzMTlkZjZjN2YyNDp7Il9hdXRoX3VzZXJfaWQiOiI4NyIsIl9hdXRoX3VzZXJfYmFja2VuZCI6ImRqYW5nby5jb250cmliLmF1dGguYmFja2VuZHMuTW9kZWxCYWNrZW5kIiwiX2F1dGhfdXNlcl9oYXNoIjoiNWU1MDJiNzBiYWY2MTkwZTlhZDJhMGU1MTlkYmQ3YzllNGQ1M2EzOCJ9','2018-10-09 08:33:53.017979'),('ufasrwes2v04pioc0yau0952d0267xvc','MmIxZGQ3NzRjOWRiMjk3YjkxZGJhNjU2NDM4MmQ5MDFkZmRjMjA0ODp7Il9wYXNzd29yZF9yZXNldF90b2tlbiI6IjU1NC0zNDM0ZGU3NDgzODYwM2FjODQxZiJ9','2019-04-15 04:40:52.256783'),('uj5ske0jmdtcm2chgfw6nomcbduxbrqz','NjY0NDg3M2U1MTliOWMyMjc1N2U0Y2JhYzJjNzVjNTA2Y2RiNWFhNDp7Il9hdXRoX3VzZXJfaWQiOiIxMjUiLCJfYXV0aF91c2VyX2JhY2tlbmQiOiJkamFuZ28uY29udHJpYi5hdXRoLmJhY2tlbmRzLk1vZGVsQmFja2VuZCIsIl9hdXRoX3VzZXJfaGFzaCI6ImJkOWYwM2RjMDFjYjE0MGY0MTM3MWVkNGRkNDE4MGVmYzMzNDAwYWMifQ==','2018-10-09 08:23:38.915857'),('up14omv22yvumt3ji94frxuzdjl2133m','Nzk1Y2Q5ZTZhOWU1YzBhOGJlMWRlOTA0YTFmZjM2NmU5ODU2NTJjNjp7Il9hdXRoX3VzZXJfaWQiOiI0NiIsIl9hdXRoX3VzZXJfYmFja2VuZCI6ImRqYW5nby5jb250cmliLmF1dGguYmFja2VuZHMuTW9kZWxCYWNrZW5kIiwiX2F1dGhfdXNlcl9oYXNoIjoiMmZkN2I4NmNmZWI1MDFiYTMyMTAyMDkwNTdkN2Q3ZjFlMTRiNzFhOCJ9','2018-09-26 11:08:38.839761'),('usvtas0ovyo0btl9jsd81qulkskq5jqo','NWQ2Y2Q2Y2I2ZGM0NmZhMDFhZjYxM2JjNDAyZmNkZGEwNzg0YWU1Zjp7Il9hdXRoX3VzZXJfaWQiOiI3NSIsIl9hdXRoX3VzZXJfYmFja2VuZCI6ImRqYW5nby5jb250cmliLmF1dGguYmFja2VuZHMuTW9kZWxCYWNrZW5kIiwiX2F1dGhfdXNlcl9oYXNoIjoiYjJjODE3ZTZmODM4NGU0MjRhNDJkNTYzZWRmNjRmODI5MzY5MzllYiJ9','2018-12-21 00:43:15.377564'),('uuienx4fxsx5owrpnmt3lya93mnm8ynl','NTg5MDczMjA2MTkzZDJkMDg2YmQwMGQ3NjE1ODI5Nzg3MjE5Yzk2MTp7Il9hdXRoX3VzZXJfaWQiOiIxMzUiLCJfYXV0aF91c2VyX2JhY2tlbmQiOiJkamFuZ28uY29udHJpYi5hdXRoLmJhY2tlbmRzLk1vZGVsQmFja2VuZCIsIl9hdXRoX3VzZXJfaGFzaCI6ImZlOTYyODJhYzJjNzc2ZjY2YmEyODNiYWRkNjA4YjljM2NhY2E4MGMifQ==','2018-10-10 11:52:26.406772'),('v2cyiqiac0f05iuy0oc81dyn5bfzdsv0','YmQ0MDBlODUxNzU2NTg0ZGU1M2I2MTA2ZmZkZTY1OGZlOWM0NDE2Zjp7Il9hdXRoX3VzZXJfaWQiOiIxMTIiLCJfYXV0aF91c2VyX2JhY2tlbmQiOiJkamFuZ28uY29udHJpYi5hdXRoLmJhY2tlbmRzLk1vZGVsQmFja2VuZCIsIl9hdXRoX3VzZXJfaGFzaCI6ImZhZWM0MjQ3ZGE5YTA0ZDI2OTFkZTExOTY1Nzg2YmJhZDE5M2YwODIifQ==','2018-10-30 01:04:42.198304'),('v33r5ng3wk3h9vkln2wasntv6th8fcnv','MWFlM2I5NWE4ZmY2NDBkNWM1OGYzZDJmOTYxZGMxODdmZmZmYzQyYTp7Il9hdXRoX3VzZXJfaWQiOiIxMTMiLCJfYXV0aF91c2VyX2JhY2tlbmQiOiJkamFuZ28uY29udHJpYi5hdXRoLmJhY2tlbmRzLk1vZGVsQmFja2VuZCIsIl9hdXRoX3VzZXJfaGFzaCI6IjFhYzdiOTU3NmY0YjQ2OGIzNzBiODhiOGZkOWRjMTM1YTk3MGEyM2UifQ==','2018-10-09 09:52:47.747526'),('v46gzmritac2g1nta1qbh4fg7gfcs2zd','YmYwMzViODcwYmUyY2EzN2I5ZWZlOTkyNjEwNmExZmE2YTRlMzJhMTp7Il9hdXRoX3VzZXJfaWQiOiIxMzEiLCJfYXV0aF91c2VyX2JhY2tlbmQiOiJkamFuZ28uY29udHJpYi5hdXRoLmJhY2tlbmRzLk1vZGVsQmFja2VuZCIsIl9hdXRoX3VzZXJfaGFzaCI6ImQzYjU3YjcyNzE1OGNjYmViY2ZiYTAyNWZjOGYwYjZlOTE3NWM3ZGEifQ==','2019-01-11 02:23:48.695350'),('v7i1q0t1vm5vkai9e94uv3zspeyeyhbp','MDIzMWMzYTg4ZTJkN2EyZjhjZTk4YWM2NWRmYTFjODA2MTgzZTg4NDp7Il9hdXRoX3VzZXJfaWQiOiI3OSIsIl9hdXRoX3VzZXJfYmFja2VuZCI6ImRqYW5nby5jb250cmliLmF1dGguYmFja2VuZHMuTW9kZWxCYWNrZW5kIiwiX2F1dGhfdXNlcl9oYXNoIjoiNGViMTkzYjRjNDBmMDdiZDA3YmM0OTk0MjE5OWI2NjY4MzQxZjkzNyJ9','2019-04-15 13:54:19.625445'),('v93hlna0b3nxjuvv1p0hzpyu03h464hb','MTQwYzQ5MTgxZmQ0YTkyOTY5MTMwOTRhNTI2ZDIzODRkMjRmNTQwZTp7Il9hdXRoX3VzZXJfaWQiOiIzMiIsIl9hdXRoX3VzZXJfYmFja2VuZCI6ImRqYW5nby5jb250cmliLmF1dGguYmFja2VuZHMuTW9kZWxCYWNrZW5kIiwiX2F1dGhfdXNlcl9oYXNoIjoiNTgyZDhjNzc5MDM1YzMyZmRhZjFlY2I1N2IyZmZmNzc1YTRjYTViOSJ9','2019-02-22 04:57:21.767134'),('v99nl6fxlmlpib8zsaghu5x26jtbrg1m','Njc5OGQzMWY2MTQ3YjY5NjRjOGE3YWZjZmNjOTU0NGIzN2EwOTI1Mzp7Il9hdXRoX3VzZXJfaWQiOiI2NSIsIl9hdXRoX3VzZXJfYmFja2VuZCI6ImRqYW5nby5jb250cmliLmF1dGguYmFja2VuZHMuTW9kZWxCYWNrZW5kIiwiX2F1dGhfdXNlcl9oYXNoIjoiNDQ2M2VjZmFkODE0NzY0ZDkxZjI2MmRmZjUzY2QzY2UxMjMzZjY4NiJ9','2018-10-09 13:43:53.771020'),('va1381sqxdccy1qe7mgeb1z1vtv04wv0','NDRhZGE0Y2M2MmJlMjk3ZDhlZTFjYmQzMzQwMzM1NDRkZDU5MTM3NDp7Il9hdXRoX3VzZXJfaWQiOiI2NCIsIl9hdXRoX3VzZXJfYmFja2VuZCI6ImRqYW5nby5jb250cmliLmF1dGguYmFja2VuZHMuTW9kZWxCYWNrZW5kIiwiX2F1dGhfdXNlcl9oYXNoIjoiNGRkY2M0MzZlM2ZiNzRjNjk5N2VmN2ZhNTA0ZDZhOWM2ZWY4ZjdiZSJ9','2019-01-28 01:32:54.441320'),('vasgjig0wbcahl3xy4qr6hllye6c2857','YTE0NWFhNzc2ODkyOWRmYTlhZTgwM2ZlYmI3MWU2ZTNkOGFhN2YyNTp7Il9hdXRoX3VzZXJfaWQiOiI1OCIsIl9hdXRoX3VzZXJfYmFja2VuZCI6ImRqYW5nby5jb250cmliLmF1dGguYmFja2VuZHMuTW9kZWxCYWNrZW5kIiwiX2F1dGhfdXNlcl9oYXNoIjoiMzA3Y2IzZjdmNDljMjRlYWI0OWE3ODIwMDIyODQ2YTg2MDc1ZWYxOCJ9','2019-01-11 02:32:01.524923'),('vcuche817xax2n83lhmjdo2gu1d1ngeq','MTQwYzQ5MTgxZmQ0YTkyOTY5MTMwOTRhNTI2ZDIzODRkMjRmNTQwZTp7Il9hdXRoX3VzZXJfaWQiOiIzMiIsIl9hdXRoX3VzZXJfYmFja2VuZCI6ImRqYW5nby5jb250cmliLmF1dGguYmFja2VuZHMuTW9kZWxCYWNrZW5kIiwiX2F1dGhfdXNlcl9oYXNoIjoiNTgyZDhjNzc5MDM1YzMyZmRhZjFlY2I1N2IyZmZmNzc1YTRjYTViOSJ9','2019-01-29 07:05:47.893370'),('vgb8gcjxkdnx0cmvlvrpqonimg3dtwj7','MzVjOWQ1MTFkNzg5ZDBmMWExNGY3Mzc0ZjEzMzY1ZDY2NGM5Zjg1MTp7Il9hdXRoX3VzZXJfaWQiOiIzMiIsIl9hdXRoX3VzZXJfYmFja2VuZCI6ImRqYW5nby5jb250cmliLmF1dGguYmFja2VuZHMuTW9kZWxCYWNrZW5kIiwiX2F1dGhfdXNlcl9oYXNoIjoiM2FkYzNjMjMxYjgwMjA2MmI3ODlhMmNhNGI0NjhmMTMwNjc0YmM1ZCJ9','2019-10-25 05:24:48.721352'),('vjfveaq2ee2fcnik00s2814ro7jpnljc','MmMzMWViOGI1OGY1MjE2NTI3NjhkODU5MTQxY2VjNzZhNmJiZDA4ZTp7Il9wYXNzd29yZF9yZXNldF90b2tlbiI6IjU0YS0wYzViZGI3YmQ0ZDAxM2VlNTA4YiJ9','2019-03-16 03:29:20.676279'),('vpjz8p0428fq3zzpranmld45szd7vw8e','MmM4MmY1NWViM2JiYjgwZWY0N2QxMGYyMTFmMDdmOWYxNzIyNzdjOTp7Il9hdXRoX3VzZXJfaWQiOiIxMDQiLCJfYXV0aF91c2VyX2JhY2tlbmQiOiJkamFuZ28uY29udHJpYi5hdXRoLmJhY2tlbmRzLk1vZGVsQmFja2VuZCIsIl9hdXRoX3VzZXJfaGFzaCI6IjQxNTRjNTA4MWI1N2EwNzJkMmRjOTk0MTk5ODk3MjI0MDM1YTQwNWMifQ==','2018-12-21 05:12:04.164693'),('vxuc2u8bcf2nggp8ee1ummlpw3k695qk','MmUzYmFhNDIzMWYyOTkxM2E1OTVhMWVkMzNlNjk3NDBjOTA0NzViYzp7Il9hdXRoX3VzZXJfaWQiOiIxMzciLCJfYXV0aF91c2VyX2JhY2tlbmQiOiJkamFuZ28uY29udHJpYi5hdXRoLmJhY2tlbmRzLk1vZGVsQmFja2VuZCIsIl9hdXRoX3VzZXJfaGFzaCI6IjQ1ZDI0NTc3ZjliMzhiMzM5OTliMmM4ZGY1NzFkMGY1NTg5NzI5ZjgifQ==','2019-12-06 06:29:25.551793'),('w6emhv0qyif578k1cgqqj6tq3ew8zclc','NTE5ODJlNjYwYmEyNmJmODFhYzRkOTdjNzg5MGJjNDY1Mzg2NDExYjp7Il9hdXRoX3VzZXJfaWQiOiI1MyIsIl9hdXRoX3VzZXJfYmFja2VuZCI6ImRqYW5nby5jb250cmliLmF1dGguYmFja2VuZHMuTW9kZWxCYWNrZW5kIiwiX2F1dGhfdXNlcl9oYXNoIjoiMmJiMGQ3ZGE0YWJmMjliZDU3YzQ4MzRjNTYzOThkZjMyMDU3YTUwNCJ9','2019-01-12 13:26:26.164137'),('wavf8zr16ktjaoo770gjc1zed74qlolm','NjY4NGE1ZGJkNmFjNjI1MmY2N2JkYjMyMDZjZDllYzFjNThhMzZkMzp7Il9hdXRoX3VzZXJfaWQiOiI0MSIsIl9hdXRoX3VzZXJfYmFja2VuZCI6ImRqYW5nby5jb250cmliLmF1dGguYmFja2VuZHMuTW9kZWxCYWNrZW5kIiwiX2F1dGhfdXNlcl9oYXNoIjoiYjI5YjRhYzQ0NDA1ODQyYzVhNDk3ZmYwMmIyMjliN2QwNGUwYmM5YyJ9','2018-10-10 11:06:00.368726'),('ws722ki4uhshot8vq3z17dggkadu5v0i','NTdiYzQ4NmE0Yzc1ZmI1NjBlN2Y1ZmQwMTAwYzAyNTViMjk1YjdjODp7Il9hdXRoX3VzZXJfaWQiOiI2IiwiX2F1dGhfdXNlcl9iYWNrZW5kIjoiZGphbmdvLmNvbnRyaWIuYXV0aC5iYWNrZW5kcy5Nb2RlbEJhY2tlbmQiLCJfYXV0aF91c2VyX2hhc2giOiI1ZTU1OGY2NDA4NmZiNmUyMzJlZDNkOGI1NTlmMjNlMjE3ZjQ2YTc4In0=','2018-10-10 11:11:17.915194'),('wv22ononm66jfjcwquzxwpsocc1i98rq','M2IzNWE3ZjYwODQyYWVmYTYxZWFiZTMwYmI0MTk2NGE5NTdkMDMxYTp7Il9hdXRoX3VzZXJfaWQiOiI2NyIsIl9hdXRoX3VzZXJfYmFja2VuZCI6ImRqYW5nby5jb250cmliLmF1dGguYmFja2VuZHMuTW9kZWxCYWNrZW5kIiwiX2F1dGhfdXNlcl9oYXNoIjoiOTliNWYxZGU1MDA0MmMwNDdkODUxY2ZkMDE1MjY2NzdiZGUzYWVmNyJ9','2019-01-29 13:19:09.508233'),('wwwsbxxjinz1dplj78gtxuhpwhq49zk6','ZmQxMmM5N2MyMDA2ZGFmNmYwMmZiM2ZkYzMwNGFlOWUxNWExODY2NTp7Il9wYXNzd29yZF9yZXNldF90b2tlbiI6IjU1Zi03NDdhZTUwZDNlMmYwYTZkM2JjMiJ9','2019-04-25 16:07:52.881382'),('wxtpttvowkeol9pxvkkxkcn6hrcx70k8','NTk3YmQ5MjRlN2NkMmEwMzU1Zjg1Y2Y3YzkyYjI4NGNiNWY1NGUxZDp7Il9hdXRoX3VzZXJfaWQiOiIxMCIsIl9hdXRoX3VzZXJfYmFja2VuZCI6ImRqYW5nby5jb250cmliLmF1dGguYmFja2VuZHMuTW9kZWxCYWNrZW5kIiwiX2F1dGhfdXNlcl9oYXNoIjoiM2U4ZGFhNzIwMzNkNzAwYzcxMTQ4M2ExMjhjZGUwNzQ5M2IwM2YzMCJ9','2019-04-25 13:33:02.943467'),('x448ksegyly2azdl38byzosg1tsmu3xm','MmUzYmFhNDIzMWYyOTkxM2E1OTVhMWVkMzNlNjk3NDBjOTA0NzViYzp7Il9hdXRoX3VzZXJfaWQiOiIxMzciLCJfYXV0aF91c2VyX2JhY2tlbmQiOiJkamFuZ28uY29udHJpYi5hdXRoLmJhY2tlbmRzLk1vZGVsQmFja2VuZCIsIl9hdXRoX3VzZXJfaGFzaCI6IjQ1ZDI0NTc3ZjliMzhiMzM5OTliMmM4ZGY1NzFkMGY1NTg5NzI5ZjgifQ==','2019-05-22 00:41:04.683155'),('x4yv1nrkm6kqk03g2afgbfqkdk010lr5','MmUzYmFhNDIzMWYyOTkxM2E1OTVhMWVkMzNlNjk3NDBjOTA0NzViYzp7Il9hdXRoX3VzZXJfaWQiOiIxMzciLCJfYXV0aF91c2VyX2JhY2tlbmQiOiJkamFuZ28uY29udHJpYi5hdXRoLmJhY2tlbmRzLk1vZGVsQmFja2VuZCIsIl9hdXRoX3VzZXJfaGFzaCI6IjQ1ZDI0NTc3ZjliMzhiMzM5OTliMmM4ZGY1NzFkMGY1NTg5NzI5ZjgifQ==','2019-08-17 00:17:48.232945'),('x5o3sk97ie7ckv7k9p8od9c23r05t4k9','ZmU1MjhiOWUwNTVjMDIzNGY1YzczNTE1ZTYyYjYyMGU3YWU0Y2E5ZTp7Il9hdXRoX3VzZXJfaWQiOiIxMjEiLCJfYXV0aF91c2VyX2JhY2tlbmQiOiJkamFuZ28uY29udHJpYi5hdXRoLmJhY2tlbmRzLk1vZGVsQmFja2VuZCIsIl9hdXRoX3VzZXJfaGFzaCI6IjIwMjZhMDJlZDU1ZjA4M2RlMjZiN2E4NzRiZjY3NjVkN2I2ZTVmMGEifQ==','2019-06-28 12:39:55.644602'),('xa7rc4fyrnip8543vshkmmgcekr20kdf','YTRkMGJiMTk5ZDkzMzdhYjZmMzllMTRkNzZkOGE2NjUzNTRjNjAxNjp7Il9hdXRoX3VzZXJfaWQiOiI5MSIsIl9hdXRoX3VzZXJfYmFja2VuZCI6ImRqYW5nby5jb250cmliLmF1dGguYmFja2VuZHMuTW9kZWxCYWNrZW5kIiwiX2F1dGhfdXNlcl9oYXNoIjoiN2I3YTM5NGRkYzlmYTVlNTNmN2QzNzQ0ODA5YWQzMDk5NTliNjNhMyJ9','2018-11-08 01:27:03.482362'),('xgg26z8o264m8a8qvm8dqx1jhzz8juk3','YjgwMzNhOTkyOWQ5ZTA1ODQ2ZTMyOTUwMmY1NzkxMTEyNjIwNzM2Nzp7Il9hdXRoX3VzZXJfaWQiOiIxMDciLCJfYXV0aF91c2VyX2JhY2tlbmQiOiJkamFuZ28uY29udHJpYi5hdXRoLmJhY2tlbmRzLk1vZGVsQmFja2VuZCIsIl9hdXRoX3VzZXJfaGFzaCI6ImNjZTZjNWExZmUyMjE0ODA2YzAxMjRhNmMyZTU3YzgxNmMyMzgzY2IifQ==','2018-10-10 12:27:55.682927'),('xjy7g4hbq4wk1133xdrbi6n7au6g4d1c','MmMyYjU1ZDE1ZmE5NDkyOWFjYTAyYThiYjY2YTcyZWM1NTMxNTJlMjp7Il9hdXRoX3VzZXJfaWQiOiIzMSIsIl9hdXRoX3VzZXJfYmFja2VuZCI6ImRqYW5nby5jb250cmliLmF1dGguYmFja2VuZHMuTW9kZWxCYWNrZW5kIiwiX2F1dGhfdXNlcl9oYXNoIjoiODY0MGRhYzY4NWQ4MDE3MzFhZjc5NTBhM2VhMjFjYjFhNDcwNjE0NCJ9','2019-09-27 13:30:55.966529'),('xpi6ynt1fzysjrfiisd923jokzhy68n3','M2IzNWE3ZjYwODQyYWVmYTYxZWFiZTMwYmI0MTk2NGE5NTdkMDMxYTp7Il9hdXRoX3VzZXJfaWQiOiI2NyIsIl9hdXRoX3VzZXJfYmFja2VuZCI6ImRqYW5nby5jb250cmliLmF1dGguYmFja2VuZHMuTW9kZWxCYWNrZW5kIiwiX2F1dGhfdXNlcl9oYXNoIjoiOTliNWYxZGU1MDA0MmMwNDdkODUxY2ZkMDE1MjY2NzdiZGUzYWVmNyJ9','2018-10-09 13:42:07.506121'),('ydllgzth0ozf9m8wn5xhu6eu01lf0z9c','ZjQ0ZTEzM2YyMGEwZjQ5MDkwYmZjZjNhY2RmMDY0ODdkZmY3M2ZhZTp7Il9hdXRoX3VzZXJfaWQiOiI0OCIsIl9hdXRoX3VzZXJfYmFja2VuZCI6ImRqYW5nby5jb250cmliLmF1dGguYmFja2VuZHMuTW9kZWxCYWNrZW5kIiwiX2F1dGhfdXNlcl9oYXNoIjoiMTdmNWM1OTk4OGJiNzc1NjkxZjNiYzMyZGE0Mzk3YjRiOTY4NzI2MyJ9','2019-08-17 01:27:15.632822'),('yn9isxmnta12ydb58knlyof7br3yv6jd','MGRkY2U2ZmM3MjkyYzY0ODFlNDVkM2NiNTdjNTI2MTQwYzQzYzQ1ODp7fQ==','2019-01-10 16:51:23.287689'),('z58aieq83dx0w7hs907taep8392chq7m','MmIxZTEwY2VhYTAyZWVmMjU1Mzc1N2Y0OWJiNDc4ZDQ1NjYyMmI5Nzp7Il9hdXRoX3VzZXJfaWQiOiI1OSIsIl9hdXRoX3VzZXJfYmFja2VuZCI6ImRqYW5nby5jb250cmliLmF1dGguYmFja2VuZHMuTW9kZWxCYWNrZW5kIiwiX2F1dGhfdXNlcl9oYXNoIjoiMzE5ZmY5ZDgwY2MxOTNiM2VkZmE3MDBlYzQ0ZDE4MTI2NDU5YmFmZiJ9','2019-01-12 04:13:58.091356'),('z8lty5kf9d32a4xx29rev5v8emzcsrhx','M2IzNWE3ZjYwODQyYWVmYTYxZWFiZTMwYmI0MTk2NGE5NTdkMDMxYTp7Il9hdXRoX3VzZXJfaWQiOiI2NyIsIl9hdXRoX3VzZXJfYmFja2VuZCI6ImRqYW5nby5jb250cmliLmF1dGguYmFja2VuZHMuTW9kZWxCYWNrZW5kIiwiX2F1dGhfdXNlcl9oYXNoIjoiOTliNWYxZGU1MDA0MmMwNDdkODUxY2ZkMDE1MjY2NzdiZGUzYWVmNyJ9','2019-02-28 14:42:24.626732'),('zavy21c9cmbma2v06v7ouisnewg2oymd','ODYxMjU4MDBlYTg1M2RhZmVkZjczNTQ3ODUwNWMyMWI1ZDgyN2ZmYjp7Il9hdXRoX3VzZXJfaWQiOiIzOSIsIl9hdXRoX3VzZXJfYmFja2VuZCI6ImRqYW5nby5jb250cmliLmF1dGguYmFja2VuZHMuTW9kZWxCYWNrZW5kIiwiX2F1dGhfdXNlcl9oYXNoIjoiNmNjZjVkNDk3MmIzZGRhNjkxYzE5MTFhOTk0MWExM2RlZGQ0Y2I2NCJ9','2018-10-09 08:26:26.282098'),('zfddq1npqul1u1z51lqzbt3sernxp1f5','NmI1ZjZlYzE5NWE3NWQxZWMwZGI4NzNiM2Q4YTBiNmMwOTQ2NWNjYjp7Il9hdXRoX3VzZXJfaWQiOiI3IiwiX2F1dGhfdXNlcl9iYWNrZW5kIjoiZGphbmdvLmNvbnRyaWIuYXV0aC5iYWNrZW5kcy5Nb2RlbEJhY2tlbmQiLCJfYXV0aF91c2VyX2hhc2giOiI2ZjQzMzRmZTlmY2QwNGVhMjhiNTNlMDExNzQwM2NhOTRkYjAxODk2In0=','2018-10-29 05:06:47.355215');
/*!40000 ALTER TABLE `django_session` ENABLE KEYS */;
UNLOCK TABLES;

--
-- Table structure for table `pcmapp_car`
--

DROP TABLE IF EXISTS `pcmapp_car`;
/*!40101 SET @saved_cs_client     = @@character_set_client */;
/*!40101 SET character_set_client = utf8 */;
CREATE TABLE `pcmapp_car` (
  `id` int(11) NOT NULL AUTO_INCREMENT,
  `car_reg_no` varchar(20) NOT NULL,
  `car_model` varchar(20) NOT NULL,
  `car_engine_chasis` varchar(20) DEFAULT NULL,
  `car_primary_sec` smallint(6) DEFAULT NULL,
  `member_id_id` int(11) NOT NULL,
  `car_status` tinyint(1) NOT NULL,
  PRIMARY KEY (`id`),
  KEY `pcmapp_car_member_id_id_041cc7f3_fk_pcmapp_member_id` (`member_id_id`),
  CONSTRAINT `pcmapp_car_member_id_id_041cc7f3_fk_pcmapp_member_id` FOREIGN KEY (`member_id_id`) REFERENCES `pcmapp_member` (`id`)
) ENGINE=InnoDB AUTO_INCREMENT=123 DEFAULT CHARSET=utf8;
/*!40101 SET character_set_client = @saved_cs_client */;

--
-- Dumping data for table `pcmapp_car`
--

LOCK TABLES `pcmapp_car` WRITE;
/*!40000 ALTER TABLE `pcmapp_car` DISABLE KEYS */;
INSERT INTO `pcmapp_car` VALUES (1,'BNQ1011','2008 HDI','2008 HDI',1,1,1),(2,'BFF3997','406','',1,2,1),(3,'MCS3101','407','',1,3,1),(4,'WYK408','408','EP6 CDTM',1,4,1),(5,'WWV408','408 THP','EP6 CDTM',1,5,1),(6,'WMS7997','508 SW','EP6 DT',1,6,1),(7,'PKW1268','RCZ','EP6 DT',1,7,1),(8,'BMC6698','508 THP','EP6 DT',1,8,1),(9,'NCT3285','508 THP','EP6 DT',1,9,1),(10,'WTA803','308 T7','EP6 DT',1,10,1),(11,'WWB508','508 THP','EP6 CDT ',1,11,1),(12,'JPS3883','508 GT','',1,12,1),(13,'WYW5496','208 VTI','EP6',1,13,1),(14,'PJM5455','508 THP','EP6 DT',1,14,1),(15,'RT171','RCZ','EP6 CDTX',1,15,1),(16,'WAY7814','408 THP','EP6 CDTM',1,16,1),(17,'WSU422','407','',1,17,1),(18,'WA2071V','408 THP','EP6 CDTM',1,18,1),(19,'WTJ5168','407','',1,19,1),(20,'WXN6426','508 THP','EP6 DT',1,20,1),(21,'WST4617','308 T7','EP6 DT',1,21,1),(22,'PLP8379','408 THP','EP6 CDTM',1,22,1),(23,'MCD508','508 THP','EP6 DT',1,23,1),(24,'WWC3882','508 THP','EP6 DT',1,24,1),(25,'PKC9278','508 THP','EP6 DT',1,25,1),(26,'WWH1100','308 T7','EP6 DT',1,26,1),(27,'WUW8893','308 T7','EP6 DT',1,27,1),(28,'WSV7978','308 T7','EP6 DT',1,28,1),(29,'WVD8000','5008 THP','EP6 CDT ',1,29,1),(30,'WVV3216','RCZ','EP6 DT',1,30,1),(31,'WUH9974','407','',1,31,1),(32,'WSL8060','407','',1,32,1),(33,'WVH1337','308 T7','EP6 DT',1,33,1),(34,'WYQ3365','308 T7','EP6DT',1,34,1),(35,'WXJ308','308 T7','EP6 DT',1,35,1),(36,'WWT7683','508 THP','EP6 DT',1,36,1),(37,'BKL5300','308 T7','EP6 DT',1,37,1),(38,'BNQ6499','408 THP','EP6 CDTM',1,38,1),(39,'PJV5288','407','',1,39,1),(40,'WVL5217','308 T7','EP6 DT',1,40,1),(41,'GT3088','308 GT','EP6 DTS',1,41,1),(42,'WYW4624','208 VTI','EP6',1,42,1),(43,'VAS8099','3008 P84','EP6 FDT MD / EMP2',1,43,1),(44,'BGA6666','RCZ','EP6 CDTX',1,44,1),(45,'MBY1551','508 SW','EP6 DT',1,45,1),(46,'SAB8414R','308 T7','EP6 DT',1,46,1),(47,'WVA1585','308 T7','EP6 DT',1,47,1),(48,'BLT2525','508 THP','EP6 DT',1,48,1),(49,'WXC5545','308 T7','EP6 DT',1,49,1),(50,'WXG7088','408','EP6 CDTM',1,50,1),(51,'WSN9899','407','',1,51,1),(52,'WVL7094','3008','EP6 DT',1,52,1),(53,'VC3713','408','EP6 CDTM',1,53,1),(54,'PLD2307','308 T7','EP6 DT',1,54,1),(55,'PLN8916','208 VTI','EP6',1,55,1),(56,'WRQ828','3008','EP6 DT',1,56,1),(57,'WXL8282','208 VTI','EP6',1,57,1),(58,'PLK8093','208 VTI','EP6',1,58,1),(59,'WWQ996','508 THP','EP6 DT',1,59,1),(60,'BNN8844','408','EP6 CDTM',1,60,1),(61,'WLF811','807','',1,61,1),(62,'SAB5515W','RCZ','RCZ EP6',1,62,1),(63,'PMQ7217','308 T9','EP6 FDT MD',1,63,1),(64,'VC3053','308 T9','EP6 FDT MD',1,64,1),(65,'WA5145G','508 THP','EP6 DT',1,65,1),(66,'WXA6415','408 THP','EP6 CDTM',1,66,1),(67,'WA9563V','208 VTI','EP6',1,67,1),(68,'JMJ5995','3008','EP6 DT',1,68,1),(69,'BNG2181','508 THP','EP6CDT ',1,69,1),(70,'WWF508','508 THP','EP6 DT',1,70,1),(71,'PKT6933','308 THP','EP6 DT',1,71,1),(72,'WRV23','508 THP','EP6 DT',1,72,1),(73,'MCH3718','408 THP','EP6 CDTM',1,73,1),(74,'AJH208','208 VTI','EP6',1,74,1),(75,'WUV803','308 T7','EP6 DT',1,75,1),(76,'BNM2002','508 GT','',1,76,1),(77,'WD6284D','308 T9 ','EP6 FDT MD',1,77,1),(78,'PLA5508','508 THP','EP6 DT',1,78,1),(79,'PLD2986','508 THP','EP6 DT',1,79,1),(80,'WA5515T','508 THP','EP6 DT',1,80,1),(81,'BMJ9038','3008','EP6 DT',1,81,1),(82,'VAE4753','2008','EP6',1,82,1),(83,'BLE7272','207','',1,83,1),(84,'WXP6283','508 THP','EP6 DT',1,84,1),(85,'WVV5081','508 THP','EP6 DT',1,85,1),(86,'WYJ1916','208 VTI','EP6',1,86,1),(87,'W2265H','508 THP','EP6 DT',1,87,1),(88,'WA2265H','208 VTI','EP6',1,88,1),(89,'BMM8977','508 THP','EP6 DT',1,89,1),(90,'WWP508','508 THP','EP6 DT',1,90,1),(91,'CDX6200','2008','EP2',1,91,1),(92,'WC5833L','408','EP6 CDTM',1,92,1),(93,'VE7898','408','EP6 CDTM',1,93,1),(94,'WVJ2928','3008','EP6 DT',1,94,1),(95,'VF4166','408','EP6 CDTM',1,95,1),(96,'WXQ1692','408','EP6 CDTM',1,96,1),(97,'TF99','307 SW','1.6 AUTO',1,97,1),(98,'RIMAU6974','408 eTHP','EP6 FDTM',1,98,1),(99,'WA1565D','407','',1,99,1),(100,'WB8041K','308 T9','EP6 DT',1,100,1),(101,'WC7119J','508 SW','EP6 DT',1,101,1),(102,'PLK6408','408','EP6 DT',1,102,1),(103,'BPG8944','208 GTI','',1,103,1),(104,'BLF308','308 CC','',1,104,1),(105,'WYL829','408','EP6',1,105,1),(106,'W2105Q','408','',1,106,1),(107,'WXJ4076','508','EP6 DT',1,107,1),(108,'WTB9985','206','',1,108,1),(109,'WSG7006','407','',1,109,1),(110,'WRH845','407','',1,110,1),(111,'WC9281W','208','',1,111,1),(112,'BMS9079','508','',1,112,1),(113,'W3892N','508','',1,113,1),(114,'WA6854J','5008','',1,114,1),(115,'VAW811','3008','',1,115,1),(116,'W208R','208','',1,116,1),(117,'WC7378M','408',NULL,1,117,1),(118,'ASDF','ADSF','ASDF',1,118,1),(119,'ADSF123123','ASDF','ASDF',1,119,1),(120,'WTF6969','GODZILLA','123456FG7890UJ',1,120,1),(122,'VAG1174','CIVIC','RYG92373BIEYIEF',2,120,1);
/*!40000 ALTER TABLE `pcmapp_car` ENABLE KEYS */;
UNLOCK TABLES;

--
-- Table structure for table `pcmapp_member`
--

DROP TABLE IF EXISTS `pcmapp_member`;
/*!40101 SET @saved_cs_client     = @@character_set_client */;
/*!40101 SET character_set_client = utf8 */;
CREATE TABLE `pcmapp_member` (
  `id` int(11) NOT NULL AUTO_INCREMENT,
  `member_name` varchar(200) NOT NULL,
  `member_phone` varchar(20) NOT NULL,
  `member_since` date DEFAULT NULL,
  `member_email` varchar(200) NOT NULL,
  `member_expiry_date` date DEFAULT NULL,
  `member_address_postcode` varchar(5) DEFAULT NULL,
  `member_address_state` varchar(2) DEFAULT NULL,
  `member_birthdate` date DEFAULT NULL,
  `member_on_chat` tinyint(1) NOT NULL,
  `member_source` varchar(2) DEFAULT NULL,
  `owner_id` int(11) DEFAULT NULL,
  PRIMARY KEY (`id`),
  KEY `pcmapp_member_owner_id_3d8d598a_fk_auth_user_id` (`owner_id`),
  CONSTRAINT `pcmapp_member_owner_id_3d8d598a_fk_auth_user_id` FOREIGN KEY (`owner_id`) REFERENCES `auth_user` (`id`)
) ENGINE=InnoDB AUTO_INCREMENT=121 DEFAULT CHARSET=utf8;
/*!40101 SET character_set_client = @saved_cs_client */;

--
-- Dumping data for table `pcmapp_member`
--

LOCK TABLES `pcmapp_member` WRITE;
/*!40000 ALTER TABLE `pcmapp_member` DISABLE KEYS */;
INSERT INTO `pcmapp_member` VALUES (1,'LEOW MING SIANG, ANDREW','012-268 8053','2004-02-19','blackdolphin8178@hotmail.com','2020-04-13',NULL,NULL,NULL,1,'FB',6),(2,'JUSTIN WONG','012-362 1272','2006-02-28','loosan8@gmail.com','2020-02-28',NULL,NULL,NULL,1,'FB',7),(3,'LIM TAU YEE, MACNECSS','013-939 1331','2012-05-14','macnecss@gmail.com','2018-05-04',NULL,NULL,NULL,1,'FB',8),(4,'ROBIN YAN KOK SOON','017-300 1077','2013-02-28','robinyan@hotmail.my','2020-02-28',NULL,NULL,NULL,1,'FB',9),(5,'BOOI JUN JIE / EUGYN BOOI','012-680 0708','2013-04-22','eugynbooi@gmail.com','2020-04-24',NULL,NULL,NULL,1,'FB',10),(6,'AZRIL ALI BIN AHMAD RASHID','019-311 3887','2013-04-22','yakon7997@gmail.com','2020-05-01',NULL,NULL,NULL,1,'FB',11),(7,'LIM SU LONG / JON LIM','012-472 6888','2013-04-23','jon.kazee@gmail.com','2018-04-23',NULL,NULL,NULL,1,'FB',12),(8,'WILSON CHIA KWANG LEUNG','019-241 1850','2014-05-12','wilson2511@gmail.com','2018-05-12',NULL,NULL,NULL,1,'FB',13),(9,'CHEOK KENG FATT','019-620 8831','2014-04-22','ckfcheo@gmail.com','2020-04-22',NULL,NULL,NULL,1,'FB',14),(10,'HARRY DINESH MAHALINGAM','012-551 6506','2014-04-22','dr.harrydinesh@gmail.com','2018-04-22',NULL,NULL,NULL,1,'FB',15),(11,'MOHAMED MUBASHAR BIN AFTAB ','012-610 3332','2014-04-20','mmubashar@gmail.com','2018-04-20',NULL,NULL,NULL,1,'FB',16),(12,'FREDDY WONG CHION PYNG','65 8368 0538','2014-04-30','cpwongfreddy@gmail.com','2018-04-30',NULL,NULL,NULL,1,'FB',17),(13,'SUNNY NG KENG HAI','016-921 1480','2014-05-05','sunnyng.upc@gmail.com','2018-05-05',NULL,NULL,NULL,1,'FB',18),(14,'EE CHEE LOON / JACK EE','018-408 6800','2014-05-04','cheeloonee@gmail.com','2018-05-05',NULL,NULL,NULL,1,'FB',19),(15,'BARRY LIM','012-236 9550','2014-05-04','airborne016@gmail.com','2018-05-04',NULL,NULL,NULL,1,'FB',20),(16,'MOHD MUSTAQIM BIN MOHD ZAHARI','019-272 7818','2014-05-04','akimzz@yahoo.com.my','2018-05-04',NULL,NULL,NULL,1,'FB',21),(17,'MOHD NORIMI RAMELI','019-336 5948','2014-05-06','budakjurus@gmail.com','2018-05-06',NULL,NULL,NULL,1,'FB',22),(18,'LOGENATHAN A/L MUNISAMY','019-388 4429','2014-05-14','logen031@gmail.com','2018-05-14',NULL,NULL,NULL,1,'FB',23),(19,'TAN LEANG SING / RUSTY','012-460 2088','2014-05-19','tlsing99@gmail.com','2020-05-19',NULL,NULL,NULL,1,'FB',24),(20,'ALLAN KENNETH HVIID JENSEN','012-226 0875','2014-06-12','2008ahj@gmail.com','2018-06-12',NULL,NULL,NULL,0,'FB',25),(21,'MUHAMAD YAMANI','016-491 3227','2014-06-18','yamani.shahrul@gmail.com','2018-05-18',NULL,NULL,NULL,1,'FB',26),(22,'TANG BOON KHEE','012-475 8379','2014-10-23','unitec2006@hotmail.com','2018-10-23',NULL,NULL,NULL,1,'FB',27),(23,'MOHAMAD SOFI BIN ISMAIL','013-341 0288','2014-11-10','mohamad.sofi.ismail@gmail.com','2018-11-10',NULL,NULL,NULL,1,'FB',28),(24,'CHOO TECK CHUAN, JOHN','012-322 6044','2015-03-17','jcvivahomes@gmail.com','2019-03-17',NULL,NULL,NULL,1,'FB',29),(25,'LEE KOK JIUNN','012-472 5785','2015-05-12','Kok_jiunn@hotmail.com','2019-05-12',NULL,NULL,NULL,1,'FB',30),(26,'TAN YU ZHAN','012-485 8593','2015-05-17','yuzhan93@gmail.com','2019-05-17',NULL,NULL,NULL,1,'FB',31),(27,'JEFFERY GAN','012-206 7388','2015-06-01','','2019-06-01',NULL,NULL,NULL,1,'FB',NULL),(28,'ISKANDAR HADI BIN MD JELA','017-333 7789','2015-05-26','Iskandarhadi@gmail.com','2019-05-26',NULL,NULL,NULL,1,'FB',32),(29,'WAYNE WONG','012-345 8087','2015-05-26','waynewongkw@yahoo.com','2019-05-26',NULL,NULL,NULL,1,'FB',33),(30,'GRADIENT LOK WAI KEONG','012-329 6007','2015-06-02','gradientlok@gmail.com','2019-06-02',NULL,NULL,NULL,0,'FB',34),(31,'VIGNESWAREN A/L M.KRISHNAMOORTHY','019-601 1148','2015-07-04','Vignes_k@yahoo.com','2019-07-04','43000','SL','1970-11-17',1,'FB',2),(32,'MOHAMED ZAKRI KHAN B AHMAD','019-388 7081','2015-09-02','mohamedzakrikhan@gmail.com','2019-09-02',NULL,NULL,NULL,1,'FB',35),(33,'ALEX TAN','012-258 0248','2015-09-30','alextan81@gmail.com','2019-09-30',NULL,NULL,NULL,1,'FB',36),(34,'IBRAHIM BIN AHMAD ZAMANI','012-382 9042','2015-10-16','ibrahimahmadzamani@gmail.com','2019-10-16',NULL,NULL,NULL,1,'FB',37),(35,'WILLIAM CHEAH','012-254 6504','2016-01-12','wcheahsc@gmail.com','2020-01-12',NULL,NULL,NULL,1,'FB',38),(36,'LOGESWARAN A/L MANIAM / LOGES','012-396 9598','2016-01-21','arulveera@yahoo.com','2020-01-21',NULL,NULL,NULL,1,'FB',39),(37,'GAMMA RIZKINATA SATRIANA','011-1668 9645','2016-02-02','gamz95@gmail.com','2020-02-02',NULL,NULL,NULL,1,'FB',40),(38,'MUHAMMAD TAUFIQ BIN MOHAM','019-388 8123','2016-02-14','mutasi@gmail.com','2020-02-14',NULL,NULL,NULL,1,'FB',41),(39,'LIAU YEE KHEE','019-560 2608','2016-02-15','ykliau@hotmail.com','2020-02-15',NULL,NULL,NULL,1,'FB',42),(40,'LOH ZHENG JIE, JAKE','012-838 6955','2016-02-26','Zjloh08@gmail.com','2020-02-26',NULL,NULL,NULL,1,'FB',43),(41,'NELSON ANG ZEN KIAT','012-256 9292','2016-02-29','nelsonang@gmail.com','2020-02-28',NULL,NULL,NULL,1,'FB',44),(42,'RAJA NAZHATUL SHIMA BINTI RAJA ABDUL AZIZ','019-514 4539','2016-05-26','rajanazhatulshima@yahoo.co.uk','2018-05-26',NULL,NULL,NULL,1,'FB',45),(43,'DAPHANIE YONG JIUN LIH','016-382 8099','2016-06-18','daphanieyong@hotmail.com','2018-06-18',NULL,NULL,NULL,0,'FB',46),(44,'NICHOLAS KOK (ALLAN KOK)','012-335 6661','2016-06-17','','2018-06-17',NULL,NULL,NULL,1,'FB',NULL),(45,'MUHAMMAD EZMEER ABDUL RAHMAN','017-609 2525','2016-06-29','kicapi@gmail.com','2018-06-29',NULL,NULL,NULL,1,'FB',47),(46,'SAIFUL BIN ALI BAKI','012-313 1102','2016-06-17','alibaki.s@nexus.edu.my','2018-06-17',NULL,NULL,NULL,1,'FB',48),(47,'NARESH JEYAPALAN','016-673 4440','2016-07-01','mechnaresh93@gmail.com','2018-07-01',NULL,NULL,NULL,1,'FB',50),(48,'MOHD FAISAL ABDUL KAHAR','019-667 6372','2016-09-06','mohdfaisalabdkahar@gmail.com','2018-09-06',NULL,NULL,NULL,1,'FB',51),(49,'KAIULANI BINTI BUJANG (KAY)','013-664 9387','2016-10-27','bujank01@yahoo.com.sg','2018-10-27',NULL,NULL,NULL,1,'FB',52),(50,'MOHAMAD SHAHRIR BIN NAWAWI','012-470 3152','2016-10-27','mohamadshahrir@gmail.com','2018-10-27',NULL,NULL,NULL,1,'FB',53),(51,'TEH YONG SHAN / JASON BRENDY','017-438 9588','2016-11-01','jasonbrendy95@gmail.com','2018-11-01',NULL,NULL,NULL,1,'FB',54),(52,'PON HONG KONG','012-398 8811','2016-11-03','honkongtra@gmail.com','2018-11-03',NULL,NULL,NULL,1,'FB',55),(53,'OH KAH MENG / OCEAN','016-263 6209','2016-11-09','kmnissan@gmail.com','2018-11-09',NULL,NULL,NULL,1,'FB',56),(54,'MOHAMAD SHAMEEM BIN SALEEM AHAMED','013-931 7783','2016-11-19','pld2307@yahoo.com','2018-11-19',NULL,NULL,NULL,1,'FB',57),(55,'NG ENG LEONG / KEVIN','012-476 3599','2016-11-20','kev770712@gmail.com','2018-11-20',NULL,NULL,NULL,1,'FB',58),(56,'MOHAMED MIRZAR BIN ABDUL GHAFFAR','019-241 6441','2016-11-21','md.mirzar@gmail.com','2018-11-21',NULL,NULL,NULL,1,'FB',59),(57,'WIL ONG TECK YUNG','018-287 8987','2016-11-21','wilwithsingtel@hotmail.com','2018-11-21',NULL,NULL,NULL,1,'FB',60),(58,'TEOH CHIN POH','016-475 2429','2016-11-22','cpteoh9678@yahoo.com','2018-11-22',NULL,NULL,NULL,1,'FB',61),(59,'KRIS TAN KWANG CHUNG','012-558 9927','2016-12-12','kris7kc@gmail.com','2018-12-12',NULL,NULL,NULL,1,'FB',62),(60,'SHAFARLIZA BINTI SAMSUDDIN ','012-601 6520','2016-12-27','alza8844@gmail.com','2018-12-27',NULL,NULL,NULL,1,'FB',63),(61,'HEZAN BIN HAJI MOHD ZAINUDIN','017-885 9588','2017-01-12','hezanrg@gmail.com','2019-01-12',NULL,NULL,NULL,1,'FB',64),(62,'BENZ THAM SHIEN SHYONG','012-723 7811','2017-01-17','thamss@gmail.com','2019-01-17',NULL,NULL,NULL,1,'FB',65),(63,'BRYAN LEE TONG SIN','012-723 7811','2017-01-17','bryantslee308@gmail.com','2019-01-17',NULL,NULL,NULL,1,'FB',66),(64,'BILLY CHAN CHEE YONG','012-622 3480','2017-01-17','Billypru40@gmail.com','2019-01-17',NULL,NULL,NULL,1,'FB',67),(65,'NORHARUL NIZAM BIN NORDIN','013-209 5497','2017-01-25','harulnizam@gmail.com','2019-01-25',NULL,NULL,NULL,1,'FB',68),(66,'ALSON CHAY','012-232 8370','2017-02-06','alsonean@gmail.com','2019-02-06',NULL,NULL,NULL,1,'FB',69),(67,'RASATHILLAGEN RASAINTHIRAN','016-288 3221','2017-02-08','thillagen@gmail.com','2019-02-08',NULL,NULL,NULL,1,'FB',70),(68,'CHIOK SEI HAW','017-715 3322','2017-02-19','seihaw@hotmail.com','2019-02-19',NULL,NULL,NULL,1,'FB',71),(69,'JUDY LEONG MEI YING','012-393 2878','2017-03-09','judy.jlmy@gmail.com','2019-03-09',NULL,NULL,NULL,1,'FB',72),(70,'MOHAMAD SHAFIQ BIN SHAARI','012-473 0755','2017-03-13','mshafiqs@live.com','2019-03-13',NULL,NULL,NULL,1,'FB',73),(71,'TAN CHUN KEAT / SEAN TAN','016-475 2210','2017-03-17','ck_5883_v@yahoo.com','2019-03-17',NULL,NULL,NULL,1,'FB',74),(72,'LIM CHENG CHIANG, LOUISS','016-233 2426','2017-03-18','louislim2@gmail.com','2019-03-18',NULL,NULL,NULL,1,'FB',75),(73,'HO WOON HAN, WILLIE','012-638 6321','2017-03-24','hwh87109@gmail.com','2019-03-24',NULL,NULL,NULL,1,'FB',76),(74,'NICKY FUN','017-303 9677','2017-03-27','badteam88@hotmail.com','2019-03-27',NULL,NULL,NULL,1,'FB',77),(75,'TEJINDER SINGH','012-300 1253','2017-04-02','tj1313v@gmail.com','2019-04-02',NULL,NULL,NULL,1,'FB',78),(76,'MOHAMAD NOOR HISHAM BIN HASHIM','012-391 2966','2017-04-06','icrimsonx@me.com','2019-04-06',NULL,NULL,NULL,1,'FB',79),(77,'KENNETH QUEK CHUNG YEE','017- 611 2343','2017-05-16','kennethqcy@gmail.com','2019-05-16',NULL,NULL,NULL,1,'FB',80),(78,'LIEW K K','012-3212210','2017-05-18','kkhuenliew@gmail.com','2019-05-18',NULL,NULL,NULL,1,'FB',81),(79,'BENNY LIAU YEW SOON','012-326 2033','2017-05-20','benny.liau@yahoo.com','2019-05-20',NULL,NULL,NULL,1,'FB',82),(80,'SYED AZHAR BIN SYED AZIZUDDIN','019-222 9268','2017-06-07','aimanofa@yahoo.com','2019-06-07',NULL,NULL,NULL,1,'FB',83),(81,'DAVID TAN HENG LIAT','019-666 8030','2017-06-20','Dthliat@gmail.com','2019-06-20',NULL,NULL,NULL,1,'FB',84),(82,'SURESH A/L SANTHALINGAM','012-611 5446','2017-07-11','diehard76@hotmail.com','2019-07-11',NULL,NULL,NULL,1,'FB',85),(83,'FARAH AINI BINTI HOSNI HUSSEN','017-683 4757','2017-07-14','farahainihosnihussen@yahoo.com','2019-07-14',NULL,NULL,NULL,1,'FB',86),(84,'MICHAEL LIM SI HOE','016-556 6800','2017-07-17','lshlim.services@gmail.com','2019-07-17',NULL,NULL,NULL,1,'FB',87),(85,'SRIHARI SINGARAVEL','014-718 5896','2017-07-18','candielikethat@gmail.com','2019-07-18',NULL,NULL,NULL,1,'FB',88),(86,'LIM YEE WEI','012-209 5044','2017-07-25','ye2wei@gmail.com','2019-07-25',NULL,NULL,NULL,1,'FB',89),(87,'RAMESH RAMANATHAN A/L RAMANATHAN','013-304 2265','2017-08-02','rrnathan@deloitte.com','2019-08-02',NULL,NULL,NULL,1,'FB',90),(88,'DHAVINDRA KUMARI A/P SUBRAMANIAM','019-353 2689','2017-08-02','dhavk@yahoo.com','2019-08-02',NULL,NULL,NULL,1,'FB',91),(89,'LOH KOK FUNG','012-383 6303','2017-08-04','kfcloh@gmail.com','2019-08-04',NULL,NULL,NULL,1,'FB',92),(90,'REDZA TAN SRI ABDULLAH','019-272 6969','2017-08-20','redza.abdullah@outlook.com','2019-08-20',NULL,NULL,NULL,1,'FB',93),(91,'HOSLINA MOHD ARIP','016-236 1781','2017-09-06','Hoslina@yahoo.com','2019-09-06',NULL,NULL,NULL,1,'FB',94),(92,'TEH TEIK HOE','019-3270 672','2017-09-27','thteh49@gmail.com','2019-09-27',NULL,NULL,NULL,1,'FB',95),(93,'TAN SIT JAU / SJ','016-306 7654','2017-10-16','sitjau@gmail.com','2019-10-16',NULL,NULL,NULL,1,'FB',96),(94,'PUN BOON JIUNN / BJ','016-668 2929','2017-10-30','bj.pun@primolifestyle.com.my','2019-10-30',NULL,NULL,NULL,1,'FB',97),(95,'ERIC GIDEON','012-973 3146','2017-11-17','doctorofzealonomics@yahoo.co.uk','2019-11-17',NULL,NULL,NULL,1,'FB',98),(96,'NAVIN DEVAGARAM','012-619 4610','2017-12-20','navinn73@hotmail.com','2019-12-20',NULL,NULL,NULL,1,'FB',99),(97,'DENNIS YAM WEI KHEN','012-335 1155','2018-01-28','yam.dennis@gmail.com','2020-01-28',NULL,NULL,NULL,1,'FB',100),(98,'SUHAIRI SAMSUDIN','019-232 3181','2018-02-17','ecp030@yahoo.com.my','2020-02-17',NULL,NULL,NULL,1,'FB',101),(99,'KHAIRI HJ AKSAN','019-225 7589','2018-04-05','abangk@yahoo.com','2020-04-05',NULL,NULL,NULL,1,'FB',102),(100,'TEE TING LEONG','012-604 1291','2018-04-05','teetingleong@gmail.com','2020-04-05',NULL,NULL,NULL,1,'FB',103),(101,'ENGKU AZIZ BIN CHE ENGKU MAN','019-908 1179','2018-04-05','engkuaziz2014@gmail.com','2020-04-05',NULL,NULL,NULL,1,'FB',104),(102,'FOO SAIK JIANG','012-412 1518','2018-04-05','sjfoo79@yahoo.com','2020-04-05',NULL,NULL,NULL,1,'FB',105),(103,'MUHAMMAD FARHAN BIN MOHAMED NOR','017-926 0238','2018-04-06','gantz52@gmail.com','2020-04-06',NULL,NULL,NULL,1,'FB',106),(104,'JUELIE KOH UNG UNG','012-378 7775','2018-05-04','juelie_koh@yahoo.com','2020-05-04',NULL,NULL,NULL,1,'FB',107),(105,'SEAN TAY TECK SEONG','012-423 1282','2018-04-06','tayteckseong@gmail.com','2020-04-06',NULL,NULL,NULL,1,'FB',108),(106,'SUSAN CHIN','012-300 5244','2018-04-09','susanchin69@yahoo.com','2020-04-09',NULL,NULL,NULL,1,'FB',109),(107,'ASHIDDIQUE FAIZAL BIN OSMAN','013-375 8041','2018-04-12','fadique02@yahoo.com','2020-04-12',NULL,NULL,NULL,1,'FB',110),(108,'PRISCILLA OH GIAT ENG','012-318 9633','2018-04-18','lita_wwf66@yahoo.com','2020-04-18',NULL,NULL,NULL,1,'FB',111),(109,'MOHD RUHAIZAL MOHD ZAINUDDIN','019-643 4424','2018-04-18','ruhaizal6017@gmail.com','2020-04-18',NULL,NULL,NULL,1,'FB',112),(110,'ZAKRY ZAINUDDIN','103-277 7696','2018-04-18','zakryzainuddin@gmail.com','2020-04-18',NULL,NULL,NULL,1,'FB',113),(111,'VICKY LEE JI SHU','017-619 8081','2018-04-23','jishuvicky@gmail.com','2020-04-23',NULL,NULL,NULL,1,'FB',114),(112,'TAN KAH MENG','012-238 8780','2018-04-23','samkah@gmail.com','2020-04-23',NULL,NULL,NULL,1,'FB',115),(113,'KWONG SOON FATT','016-260 3936','2018-04-26','alankwongsf@jasmine.com.my','2020-04-26',NULL,NULL,NULL,1,'FB',116),(114,'MOHD AFFENDI MAJID','016-279 0186','2018-04-27','fendifid@yahoo.com','2020-04-27',NULL,NULL,NULL,1,'FB',117),(115,'KHOR WENG YEE ','016-696 7696','2018-05-02','killer_khor@hotmail.com','2020-05-02',NULL,NULL,NULL,1,'FB',118),(116,'ASMAH BINTI ABD RAHMAN','019-270 3470','2018-05-02','asmah07@gmail.com','2020-05-02',NULL,NULL,NULL,1,'FB',119),(117,'NOORHANEEF BIN BAHARUDDIN','012-384 2999','2018-05-09','haneef1702@gmail.com','2020-05-09',NULL,NULL,NULL,1,NULL,120),(118,'TEST DATEA','asdf',NULL,'asdf@adsf.com','2020-06-06','23423','PJ',NULL,1,'RE',121),(119,'TESTING','0989898',NULL,'asdf@adsf.com',NULL,'43000','KL','1970-08-17',1,'SC',NULL),(120,'BATMAN','01169696969','2018-06-09','batman69@gmail.com','2019-01-23','11122','PL','2012-11-30',1,'WO',122);
/*!40000 ALTER TABLE `pcmapp_member` ENABLE KEYS */;
UNLOCK TABLES;

--
-- Table structure for table `pcmapp_payment`
--

DROP TABLE IF EXISTS `pcmapp_payment`;
/*!40101 SET @saved_cs_client     = @@character_set_client */;
/*!40101 SET character_set_client = utf8 */;
CREATE TABLE `pcmapp_payment` (
  `id` int(11) NOT NULL AUTO_INCREMENT,
  `payment_amount` int(11) NOT NULL,
  `payment_date` date NOT NULL,
  `payment_receipt_image` varchar(100) DEFAULT NULL,
  `payment_type` varchar(1) NOT NULL,
  `payment_car_reg_no_id` int(11) NOT NULL,
  PRIMARY KEY (`id`),
  KEY `pcmapp_payment_payment_car_reg_no_i_7ae5a2b2_fk_pcmapp_me` (`payment_car_reg_no_id`),
  CONSTRAINT `pcmapp_payment_payment_car_reg_no_i_7ae5a2b2_fk_pcmapp_me` FOREIGN KEY (`payment_car_reg_no_id`) REFERENCES `pcmapp_member` (`id`)
) ENGINE=InnoDB AUTO_INCREMENT=121 DEFAULT CHARSET=utf8;
/*!40101 SET character_set_client = @saved_cs_client */;

--
-- Dumping data for table `pcmapp_payment`
--

LOCK TABLES `pcmapp_payment` WRITE;
/*!40000 ALTER TABLE `pcmapp_payment` DISABLE KEYS */;
INSERT INTO `pcmapp_payment` VALUES (1,120,'2018-04-13','','2',1),(2,120,'2018-02-28','','2',2),(3,120,'2016-05-04','','2',3),(4,120,'2018-02-28','','2',4),(5,120,'2018-04-24','','2',5),(6,120,'2018-05-01','','2',6),(7,120,'2016-04-23','','2',7),(8,120,'2016-05-12','','2',8),(9,120,'2018-04-22','','2',9),(10,120,'2016-04-22','','2',10),(11,120,'2016-04-20','','2',11),(12,120,'2016-04-30','','2',12),(13,120,'2016-05-05','','2',13),(14,120,'2016-05-05','','2',14),(15,120,'2016-05-04','','2',15),(16,120,'2016-05-04','','2',16),(17,120,'2016-05-06','','2',17),(18,120,'2016-05-14','','2',18),(19,120,'2018-05-19','','2',19),(20,120,'2016-06-12','','2',20),(21,120,'2016-05-18','','2',21),(22,120,'2016-10-23','','2',22),(23,120,'2016-11-10','','2',23),(24,120,'2017-03-17','','2',24),(25,120,'2017-05-12','','2',25),(26,120,'2017-05-17','','2',26),(27,120,'2017-06-01','','2',27),(28,120,'2017-05-26','','2',28),(29,120,'2017-05-26','','2',29),(30,120,'2017-06-02','','2',30),(31,120,'2017-07-04','','2',31),(32,120,'2017-09-02','','2',32),(33,120,'2017-09-30','','2',33),(34,120,'2017-10-16','','2',34),(35,120,'2018-01-12','','2',35),(36,120,'2018-01-21','','2',36),(37,120,'2018-02-02','','2',37),(38,120,'2018-02-14','','2',38),(39,120,'2018-02-15','','2',39),(40,120,'2018-02-26','','2',40),(41,120,'2018-02-28','','2',41),(42,120,'2016-05-26','','2',42),(43,120,'2016-06-18','','2',43),(44,120,'2016-06-17','','2',44),(45,120,'2016-06-29','','2',45),(46,120,'2016-06-17','','2',46),(47,120,'2016-07-01','','2',47),(48,120,'2016-09-06','','2',48),(49,120,'2016-10-27','','2',49),(50,120,'2016-10-27','','2',50),(51,120,'2016-11-01','','2',51),(52,120,'2016-11-03','','2',52),(53,120,'2016-11-09','','2',53),(54,120,'2016-11-19','','2',54),(55,120,'2016-11-20','','2',55),(56,120,'2016-11-21','','2',56),(57,120,'2016-11-21','','2',57),(58,120,'2016-11-22','','2',58),(59,120,'2016-12-12','','2',59),(60,120,'2016-12-27','','2',60),(61,120,'2017-01-12','','2',61),(62,120,'2017-01-17','','2',62),(63,120,'2017-01-17','','2',63),(64,120,'2017-01-17','','2',64),(65,120,'2017-01-25','','2',65),(66,120,'2017-02-06','','2',66),(67,120,'2017-02-08','','2',67),(68,120,'2017-02-19','','2',68),(69,120,'2017-03-09','','2',69),(70,120,'2017-03-13','','2',70),(71,120,'2017-03-17','','2',71),(72,120,'2017-03-18','','2',72),(73,120,'2017-03-24','','2',73),(74,120,'2017-03-27','','2',74),(75,120,'2017-04-02','','2',75),(76,120,'2017-04-06','','2',76),(77,120,'2017-05-16','','2',77),(78,120,'2017-05-18','','2',78),(79,120,'2017-05-20','','2',79),(80,120,'2017-06-07','','2',80),(81,120,'2017-06-20','','2',81),(82,120,'2017-07-11','','2',82),(83,120,'2017-07-14','','2',83),(84,120,'2017-07-17','','2',84),(85,120,'2017-07-18','','2',85),(86,120,'2017-07-25','','2',86),(87,120,'2017-08-02','','2',87),(88,120,'2017-08-02','','2',88),(89,120,'2017-08-04','','2',89),(90,120,'2017-08-20','','2',90),(91,120,'2017-09-06','','2',91),(92,120,'2017-09-27','','2',92),(93,120,'2017-10-16','','2',93),(94,120,'2017-10-30','','2',94),(95,120,'2017-11-17','','2',95),(96,120,'2017-12-20','','2',96),(97,120,'2018-01-28','','2',97),(98,120,'2018-02-17','','2',98),(99,120,'2018-04-05','','2',99),(100,120,'2018-04-05','','2',100),(101,120,'2018-04-05','','2',101),(102,120,'2018-04-05','','2',102),(103,120,'2018-04-06','','2',103),(104,120,'2018-05-04','','2',104),(105,120,'2018-04-06','','2',105),(106,120,'2018-04-09','','2',106),(107,120,'2018-04-12','','2',107),(108,120,'2018-04-18','','2',108),(109,120,'2018-04-18','','2',109),(110,120,'2018-04-18','','2',110),(111,120,'2018-04-23','','2',111),(112,120,'2018-04-23','','2',112),(113,120,'2018-04-26','','2',113),(114,120,'2018-04-27','','2',114),(115,120,'2018-05-02','','2',115),(116,120,'2018-05-02','','2',116),(117,120,'2018-05-09','','1',117),(118,1231,'2018-06-06','','1',118),(119,120,'2018-06-09','','1',119),(120,456,'2018-04-30','','1',120);
/*!40000 ALTER TABLE `pcmapp_payment` ENABLE KEYS */;
UNLOCK TABLES;

--
-- Table structure for table `pcmappv2_activity`
--

DROP TABLE IF EXISTS `pcmappv2_activity`;
/*!40101 SET @saved_cs_client     = @@character_set_client */;
/*!40101 SET character_set_client = utf8 */;
CREATE TABLE `pcmappv2_activity` (
  `id` int(11) NOT NULL AUTO_INCREMENT,
  `activity_title` varchar(50) NOT NULL,
  `activity_date` date NOT NULL,
  `activity_venue` varchar(100) NOT NULL,
  `activity_description` varchar(500) NOT NULL,
  `activity_link_fb` varchar(200) DEFAULT NULL,
  `activity_link_ig` varchar(200) DEFAULT NULL,
  `activity_create_date` datetime(6) NOT NULL,
  `activity_image` varchar(100) NOT NULL,
  PRIMARY KEY (`id`)
) ENGINE=InnoDB AUTO_INCREMENT=4 DEFAULT CHARSET=utf8;
/*!40101 SET character_set_client = @saved_cs_client */;

--
-- Dumping data for table `pcmappv2_activity`
--

LOCK TABLES `pcmappv2_activity` WRITE;
/*!40000 ALTER TABLE `pcmappv2_activity` DISABLE KEYS */;
INSERT INTO `pcmappv2_activity` VALUES (1,'PCM Annual Trip 2018','2018-07-27','Swiss Garden Beach Resort Damai Laut','PCM Annual Trip this year was held at Swiss Garden Beach Resort Damai Laut from 27th-29th July 2018. A total of 35 Peugeot vehicles of different models attended the trip this year. The club would like to thank all members who attended and also our sponsors for making this a memorable annual trip. Join us today if you\'re interested to join our upcoming activities! #GECarriage #GoodyearMalaysia #McClubz #MeguiarsMalaysia #BOTC2018','https://www.facebook.com/pg/PeugeotClubMalaysia/photos/?tab=album&album_id=1745022942214189',NULL,'2018-09-11 17:36:18.000000','static/images/annualtrip.JPG'),(2,'Day Drive to Fraser\'s Hill','2018-04-21','Frasers Hill','Peugeot Club Malaysia had its first day drive of the year to Fraser\'s Hill. A total of 11 Peugeot of various models participated in the drive which started from R&R Sungai Buloh. We had a short pit stop at Empangan Sungai Selangor for a photoshoot before continuing our journey to Fraser\'s Hill. Our cars perform exceptionally well along the winding roads of Kuala Kubu Bharu without any issues. Enjoy the photos from our event and join us for the next drive!','https://www.facebook.com/pg/PeugeotClubMalaysia/photos/?tab=album&album_id=1584701541579664',NULL,'2018-09-11 17:40:39.000000','static/images/daydrivefraser.jpg'),(3,'Battle of The Clubs 2018 - Round 2 Paintball','2018-07-15','Goodyear Malaysia','Goodyear Malaysia Battle of the Clubs 2018 organized by MCCLUBZ Congratulations PCM for clinching 6th place in the second round of BOTC\'18. Come support our team in the upcoming challenges! #GoodyearMalaysia #McClubz #BOTC2018','https://www.facebook.com/pg/PeugeotClubMalaysia/photos/?tab=album&album_id=1709636932419457',NULL,'2018-07-16 04:00:00.000000','static/images/38670927_1709637012419449_958662470270976000_n.jpg');
/*!40000 ALTER TABLE `pcmappv2_activity` ENABLE KEYS */;
UNLOCK TABLES;

--
-- Table structure for table `pcmappv2_car`
--

DROP TABLE IF EXISTS `pcmappv2_car`;
/*!40101 SET @saved_cs_client     = @@character_set_client */;
/*!40101 SET character_set_client = utf8 */;
CREATE TABLE `pcmappv2_car` (
  `id` int(11) NOT NULL AUTO_INCREMENT,
  `car_reg_no` varchar(20) NOT NULL,
  `car_model` varchar(20) NOT NULL,
  `car_primary_sec` smallint(6) DEFAULT NULL,
  `car_status` tinyint(1) NOT NULL,
  `member_id_id` int(11) NOT NULL,
  PRIMARY KEY (`id`),
  KEY `pcmappv2_car_member_id_id_ca2ac607_fk_pcmappv2_member_id` (`member_id_id`),
  CONSTRAINT `pcmappv2_car_member_id_id_ca2ac607_fk_pcmappv2_member_id` FOREIGN KEY (`member_id_id`) REFERENCES `pcmappv2_member` (`id`)
) ENGINE=InnoDB AUTO_INCREMENT=190 DEFAULT CHARSET=utf8;
/*!40101 SET character_set_client = @saved_cs_client */;

--
-- Dumping data for table `pcmappv2_car`
--

LOCK TABLES `pcmappv2_car` WRITE;
/*!40000 ALTER TABLE `pcmappv2_car` DISABLE KEYS */;
INSERT INTO `pcmappv2_car` VALUES (1,'BNQ1011','2008',1,1,1),(2,'BFF3997','406',1,1,2),(3,'MCS3101','407',1,1,3),(4,'WYK408','408',1,1,4),(5,'WWV408','408',1,1,5),(6,'WMS7997','508 SW',1,1,6),(7,'PKW1268','RCZ',1,1,7),(8,'BMC6698','508',1,1,8),(9,'NCT3285','508',1,1,9),(10,'WTA803','308',1,1,10),(11,'WWB508','508',1,1,11),(12,'JPS3883','508 GT',1,1,12),(13,'WYW5496','208',1,1,13),(14,'PJM5455','508',1,1,14),(15,'RT171','RCZ',1,1,15),(16,'WAY7814','408',1,1,16),(17,'WSU422','407',1,1,17),(18,'WA2071V','408',1,1,18),(19,'WTJ5168','407',1,1,19),(20,'WXN6426','508',1,1,20),(21,'WST4617','308',1,1,21),(22,'PLP8379','408',1,0,22),(23,'MCD508','508',1,0,23),(24,'WWC3882','508',1,1,24),(25,'PKC9278','508',1,1,25),(26,'WWH1100','308',1,1,26),(27,'WUW8893','308',1,1,27),(28,'WSV7978','308',1,1,28),(29,'WVD8000','5008',1,1,29),(30,'WVV3216','RCZ',1,1,30),(31,'WUH9974','407',1,1,31),(32,'WSL8060','407',1,1,32),(33,'WVH1337','308',1,1,33),(34,'WYQ3365','308',1,1,34),(35,'WXJ308','308',1,1,35),(36,'WWT7683','508',1,1,36),(37,'BKL5300','308',1,1,37),(38,'BNQ6499','408',1,1,38),(39,'PJV5288','407',1,1,39),(40,'WVL5217','308',1,1,40),(41,'GT3088','308 GT',1,1,41),(42,'WYW4624','208',1,0,42),(43,'VAS8099','3008',1,1,43),(44,'BGA6666','RCZ',1,1,44),(45,'MBY1551','508 SW',1,1,45),(46,'SAB8414R','308',1,1,46),(47,'WVA1585','308',1,1,47),(48,'BLT2525','508',1,1,48),(49,'WXC5545','308',1,0,49),(50,'WXG7088','408',1,1,50),(51,'WSN9899','407',1,1,51),(52,'WVL7094','3008',1,1,52),(53,'VC3713','408',1,1,53),(54,'PLD2307','308',1,1,54),(55,'PLN8916','208',1,0,55),(56,'WRQ828','3008',1,1,56),(57,'WXL8282','208',1,0,57),(58,'PLK8093','208',1,1,58),(59,'WWQ996','508',1,0,59),(60,'BNN8844','408',1,1,60),(61,'WLF811','807',1,0,61),(62,'SAB5515W','RCZ',1,1,62),(63,'PMQ7217','308',1,1,63),(64,'VC3053','308',1,1,64),(65,'WA8145G','508',1,1,65),(66,'WXA6415','408',1,1,66),(67,'WA9563V','208',1,1,67),(68,'JMJ5995','3008',1,1,68),(69,'BNG2181','508',1,1,69),(70,'WWF508','508',1,1,70),(71,'PKT6933','308',1,1,71),(72,'WRV23','508',1,1,72),(73,'MCH3718','408',1,1,73),(74,'AJH208','208',1,1,74),(75,'WUV803','308',1,1,75),(76,'BNM2002','508 GT',1,1,76),(77,'WD6284D','308',1,1,77),(78,'PLA5508','508',1,1,78),(79,'PLD2986','508',1,1,79),(80,'WA5515T','508',1,1,80),(81,'BMJ9038','3008',1,1,81),(82,'VAE4753','2008',1,1,82),(83,'BLE7272','207 Sedan',1,1,83),(84,'WXP6283','508',1,1,84),(85,'WVV5081','508',1,1,85),(86,'WYJ1916','208',1,1,86),(87,'W2265H','508',1,1,87),(88,'WA2265H','208',1,1,88),(90,'WWP508','508',1,1,90),(91,'CDX6200','2008',1,1,91),(92,'WC5833L','408',1,1,92),(93,'VE7898','408',1,1,93),(94,'WVJ2928','3008',1,1,94),(95,'VF4166','408',1,1,95),(96,'WXQ1692','408',1,1,96),(97,'TF99','307 SW',1,1,97),(98,'RIMAU6974','408',1,1,98),(99,'WA1565D','407',1,1,99),(100,'WB8041K','308',1,1,100),(101,'WC7119J','508 SW',1,1,101),(102,'PLK6408','408',1,1,102),(103,'BPG8944','208 GTi',1,1,103),(104,'BLF308','308 CC',1,1,104),(105,'WYL829','408',1,1,105),(106,'W2105Q','408',1,1,106),(107,'WXJ4076','508',1,1,107),(108,'WTB9985','206',2,0,108),(109,'WSG7006','407',1,1,109),(110,'WRH845','407',1,1,110),(111,'WC9281W','208',1,1,111),(112,'BMS9079','508',1,1,112),(113,'W3892N','508',1,1,113),(114,'WA6854J','5008',1,1,114),(115,'VAW811','3008',1,1,115),(116,'W208R','208',1,1,116),(117,'WC7378M','408',1,1,117),(118,'VBN7508','2008',1,1,118),(119,'WVK2993','308',1,1,119),(120,'VU531','3008',1,1,120),(121,'AKU9790','3008',1,1,121),(122,'RIMAU6979','508',1,1,122),(123,'BNX5477','2008',1,1,123),(124,'VBR2231','3008',1,1,124),(125,'PKF6868','308',1,1,125),(126,'WB2008S','3008',1,1,126),(127,'JPU7581','3008',1,1,127),(128,'PNM8687','3008',1,1,128),(129,'BPJ321','208',1,1,129),(130,'AKL6556','2008',1,1,130),(131,'VAN6346','308',1,1,131),(132,'BPP4425','208',1,1,132),(133,'WUJ407','407',1,1,133),(134,'W8216F','208',1,1,134),(135,'VBN520','308',1,1,135),(136,'WB7614E','5008',2,1,66),(137,'WTR7870','308',2,1,64),(138,'WXR7683','408',2,1,36),(139,'PHP3383','308',2,1,26),(140,'WTY8099','308',2,1,43),(141,'WNA407','407 SW',2,1,37),(142,'WB7728V','308',2,1,112),(143,'W2129D','208',NULL,1,50),(144,'BLH9833','RCZ',2,1,78),(145,'GT8001','RCZ',2,1,5),(146,'WVT9397','5008',1,1,136),(148,'BLQ2424','408',NULL,1,138),(150,'BMM8977','508',1,1,140),(151,'PKE8188','RCZ',1,1,141),(152,'WHV476','406',1,1,142),(153,'JNH6666','3008',1,1,143),(154,'RIMAU1152','Traveller',1,1,144),(155,'ALB6389','3008',1,1,145),(157,'QM2828','3008',1,1,147),(158,'JRX3688','408',1,1,148),(159,'VCL8910','5008',1,1,149),(160,'PNT9829','3008',1,1,150),(161,'SMS2077','3008',1,1,151),(162,'WYD9324','408',1,1,152),(163,'VCA6975','3008',1,1,153),(164,'PNH6310','3008',1,1,154),(165,'VAS204','3008',1,1,155),(166,'K1M67','3008',1,1,156),(168,'VDD7876','5008',1,1,158),(169,'BMS9079','508',1,1,159),(170,'WUM7967','407',2,1,160),(171,'PNL1877','3008',1,1,161),(172,'G9190','3008',1,1,162),(173,'JSD8117','508',1,1,163),(174,'FC9366','2008',1,1,108),(175,'VDG9779','308',2,1,6),(177,'WVH8366','5008',1,1,165),(179,'SSA9068A','508 SW',2,1,167),(180,'SSA9068A','508 SW',2,1,168),(181,'VDN1787','508',2,1,169),(182,'KCTEWHYF','RCZ',2,1,170),(183,'KET6768','3008',1,1,171),(184,'PLJ1551','208',1,1,172),(185,'GT1621','3008',1,1,173),(186,'PJP9778','308',1,1,174),(187,'CDW454','2008',1,1,175),(188,'BMM208','208 GTi',2,1,40),(189,'VR2008','2008',1,1,176);
/*!40000 ALTER TABLE `pcmappv2_car` ENABLE KEYS */;
UNLOCK TABLES;

--
-- Table structure for table `pcmappv2_member`
--

DROP TABLE IF EXISTS `pcmappv2_member`;
/*!40101 SET @saved_cs_client     = @@character_set_client */;
/*!40101 SET character_set_client = utf8 */;
CREATE TABLE `pcmappv2_member` (
  `id` int(11) NOT NULL AUTO_INCREMENT,
  `member_name` varchar(200) NOT NULL,
  `member_email` varchar(200) NOT NULL,
  `member_phone` varchar(20) NOT NULL,
  `member_since` date DEFAULT NULL,
  `member_birthdate` date DEFAULT NULL,
  `member_address_state` varchar(2) DEFAULT NULL,
  `member_address_postcode` varchar(5) DEFAULT NULL,
  `member_on_chat` tinyint(1) NOT NULL,
  `member_source` varchar(2) DEFAULT NULL,
  `member_expiry_date` date DEFAULT NULL,
  `member_pdpa_accepted` tinyint(1) NOT NULL,
  `member_status` tinyint(1) NOT NULL,
  `owner_id` int(11) DEFAULT NULL,
  PRIMARY KEY (`id`),
  UNIQUE KEY `pcmappv2_member_member_email_915251a0_uniq` (`member_email`),
  KEY `pcmappv2_member_owner_id_27716d59_fk_auth_user_id` (`owner_id`),
  CONSTRAINT `pcmappv2_member_owner_id_27716d59_fk_auth_user_id` FOREIGN KEY (`owner_id`) REFERENCES `auth_user` (`id`)
) ENGINE=InnoDB AUTO_INCREMENT=177 DEFAULT CHARSET=utf8;
/*!40101 SET character_set_client = @saved_cs_client */;

--
-- Dumping data for table `pcmappv2_member`
--

LOCK TABLES `pcmappv2_member` WRITE;
/*!40000 ALTER TABLE `pcmappv2_member` DISABLE KEYS */;
INSERT INTO `pcmappv2_member` VALUES (1,'LEOW MING SIANG, ANDREW','blackdolphin8178@hotmail.com','012-268 8053','2004-02-19','1977-10-25','KL','57000',1,'OT','2020-04-13',1,1,2),(2,'JUSTIN WONG','loonsan8@gmail.com','012-3598008','2006-02-28','1981-03-25','SL','43300',1,'FB','2020-02-28',1,1,142),(3,'LIM TAU YEE, MACNECSS','macnecss@gmail.com','013-939 1331','2012-05-14',NULL,NULL,NULL,1,'FB','2020-05-04',0,0,4),(4,'ROBIN YAN KOK SOON','robinyan@hotmail.my','017-300 1077','2013-02-28','1985-05-12','SL','47100',1,'OT','2020-02-28',1,1,5),(5,'BOOI JUN JIE / EUGYN BOOI','eugynbooi@gmail.com','012-680 0708','2013-04-22','1986-03-14','SL','43300',1,'FB','2020-04-24',1,1,6),(6,'AZRIL ALI BIN AHMAD RASHID','yakon7997@gmail.com','019-311 3887','2013-04-22','1981-10-09','SL','43000',1,'FB','2022-05-01',0,1,7),(7,'LIM SU LONG / JON LIM','jon.kazee@gmail.com','012-472 6888','2013-04-23',NULL,NULL,NULL,1,'FB','2018-04-23',0,0,8),(8,'WILSON CHIA KWANG LEUNG','wilson2511@gmail.com','019-2411850','2014-05-12',NULL,'SL','47820',1,'WO','2020-05-13',1,1,9),(9,'CHEOK KENG FATT','ckfcheo@gmail.com','019-620 8831','2014-04-22','1965-06-02','NS','71000',1,'FB','2020-04-22',1,1,10),(10,'HARRY DINESH MAHALINGAM','dr.harrydinesh@gmail.com','012-551 6506','2014-04-22',NULL,NULL,NULL,1,'FB','2020-04-22',0,1,11),(11,'MOHAMED MUBASHAR BIN AFTAB ','mmubashar@gmail.com','012-610 3332','2014-04-20',NULL,NULL,NULL,1,'FB','2020-05-16',0,1,12),(12,'FREDDY WONG CHION PYNG','cpwongfreddy@gmail.com','65 8368 0538','2014-04-30',NULL,NULL,NULL,1,'FB','2020-04-30',0,1,13),(13,'SUNNY NG KENG HAI','sunnyng.upc@gmail.com','016-921 1480','2014-05-05',NULL,NULL,NULL,1,'FB','2020-05-05',0,1,14),(14,'EE CHEE LOON / JACK EE','cheeloonee@gmail.com','018-408 6800','2014-05-04',NULL,NULL,NULL,1,'FB','2018-05-05',0,0,15),(15,'BARRY LIM','airborne016@gmail.com','012-236 9550','2014-05-04',NULL,NULL,NULL,1,'FB','2020-06-01',0,1,16),(16,'MOHD MUSTAQIM BIN MOHD ZAHARI','akimzz@yahoo.com.my','019-272 7818','2014-05-04',NULL,NULL,NULL,1,'FB','2020-05-04',0,1,17),(17,'MOHD NORIMI RAMELI','budakjurus@gmail.com','019-336 5948','2014-05-06',NULL,NULL,NULL,1,'FB','2018-05-06',0,0,18),(18,'LOGENATHAN A/L MUNISAMY','logen031@gmail.com','019-388 4429','2014-05-14','1979-03-31','SL','48000',1,'FB','2020-05-14',0,1,19),(19,'TAN LEANG SING / RUSTY','tlsing99@gmail.com','012-460 2088','2014-05-19','1981-11-28','PG','13020',1,'FB','2020-05-19',1,1,20),(20,'ALLAN KENNETH HVIID JENSEN','2008ahj@gmail.com','012-226 0875','2014-06-12',NULL,NULL,NULL,0,'FB','2018-06-12',0,0,21),(21,'MUHAMAD YAMANI','yamani.shahrul@gmail.com','016-491 3227','2014-06-18','1982-05-12','SL','40300',1,'FB','2020-05-18',0,1,22),(22,'TANG BOON KHEE','unitec2006@hotmail.com','012-475 8379','2014-10-23',NULL,'KH','08000',1,'FB','2018-10-23',1,0,23),(23,'MOHAMAD SOFI BIN ISMAIL','mohamad.sofi.ismail@gmail.com','013-341 0288','2014-11-10',NULL,NULL,NULL,1,'FB','2018-11-10',0,0,24),(24,'CHOO TECK CHUAN, JOHN','jcvivahomes@gmail.com','012-322 6044','2015-03-17',NULL,NULL,NULL,1,'FB','2019-03-17',0,1,25),(25,'LEE KOK JIUNN','Kok_jiunn@hotmail.com','012-472 5785','2015-05-12',NULL,NULL,NULL,1,'FB','2019-05-12',0,1,26),(26,'TAN YU ZHAN','yuzhan93@gmail.com','012-485 8593','2015-05-17',NULL,NULL,NULL,1,'FB','2019-05-17',0,1,27),(27,'JEFFERY GAN','jeffy.gan@error.com','012-206 7388','2015-06-01',NULL,NULL,NULL,1,'FB','2019-06-01',0,1,28),(28,'ISKANDAR HADI BIN MD JELA','Iskandarhadi@gmail.com','017-333 1343','2015-05-26','1979-09-15','SL',NULL,1,'WO','2021-05-26',1,1,29),(29,'WAYNE WONG','waynewongkw@yahoo.com','012-345 8087','2015-05-26',NULL,NULL,NULL,1,'FB','2019-05-26',0,1,30),(30,'GRADIENT LOK WAI KEONG','gradientlok@gmail.com','012-329 6007','2015-06-02',NULL,NULL,NULL,0,'FB','2019-06-02',0,1,31),(31,'VIGNESWAREN A/L M.KRISHNAMOORTHY','Vignes_k@yahoo.com','019-601 1148','2015-07-04','1970-11-17','SL','43000',1,'FB','2021-07-04',1,1,32),(32,'MOHAMED ZAKRI KHAN B AHMAD','mohamedzakrikhan@gmail.com','019-388 7081','2015-09-02','1971-01-24','SL','48010',1,'RE','2019-09-02',1,1,33),(33,'ALEX TAN','alextan81@gmail.com','012-258 0248','2015-09-30',NULL,NULL,NULL,1,'FB','2019-09-30',0,1,34),(34,'IBRAHIM BIN AHMAD ZAMANI','ibrahimahmadzamani@gmail.com','012-382 9042','2015-10-16',NULL,NULL,NULL,1,'FB','2019-10-16',0,1,35),(35,'WILLIAM CHEAH','wcheahsc@gmail.com','012-254 6504','2016-01-12',NULL,'SL',NULL,1,'SC','2020-01-12',1,1,36),(36,'LOGESWARAN A/L MANIAM / LOGES','arulveera@yahoo.com','012-396 9598','2016-01-21','1976-07-21','SL','42100',1,'RE','2020-01-21',1,1,37),(37,'GAMMA RIZKINATA SATRIANA','gamz95@gmail.com','011-1668 9645','2016-02-02',NULL,NULL,NULL,1,'FB','2020-02-02',0,1,38),(38,'MUHAMMAD TAUFIQ BIN MOHAM','mutasi@gmail.com','019-388 8123','2016-02-14',NULL,NULL,NULL,1,'FB','2020-02-14',0,1,39),(39,'LIAU YEE KHEE','ykliau@hotmail.com','019-560 2608','2016-02-15',NULL,NULL,NULL,1,'FB','2020-02-15',0,1,40),(40,'LOH ZHENG JIE, JAKE','Zjloh08@gmail.com','012-838 6955','2016-02-26','1985-08-08','SL','46150',1,'WO','2020-02-26',1,1,41),(41,'NELSON ANG ZEN KIAT','nelsonang@gmail.com','012-256 9292','2016-02-29','1992-08-08','SL','47301',1,'WO','2020-02-28',0,1,42),(42,'RAJA NAZHATUL SHIMA BINTI RAJA ABDUL AZIZ','rajanazhatulshima@yahoo.co.uk','019-514 4539','2016-05-26',NULL,NULL,NULL,1,'FB','2018-05-26',0,0,43),(43,'DAPHANIE YONG JIUN LIH','daphanieyong@hotmail.com','016-382 8099','2016-06-18',NULL,NULL,NULL,0,'FB','2020-06-25',0,1,44),(44,'NICHOLAS KOK (ALLAN KOK)','allankok@error.com','012-335 6661','2016-06-17',NULL,NULL,NULL,1,'FB','2018-06-17',0,0,45),(45,'MUHAMMAD EZMEER ABDUL RAHMAN','kicapi@gmail.com','017-609 2525','2016-06-29',NULL,NULL,NULL,1,'FB','2018-06-29',0,0,46),(46,'SAIFUL BIN ALI BAKI','alibaki.s@nexus.edu.my','012-313 1102','2016-06-17',NULL,NULL,NULL,1,'FB','2018-06-17',0,0,47),(47,'NARESH JEYAPALAN','mechnaresh93@gmail.com','016-673 4440','2016-07-01','1993-05-14','SL','47180',1,'WO','2020-08-27',1,1,48),(48,'MOHD FAISAL ABDUL KAHAR','mohdfaisalabdkahar@gmail.com','019-667 6372','2016-09-06','1983-06-02','SL','40200',1,'FB','2020-09-06',1,1,49),(49,'KAIULANI BINTI BUJANG (KAY)','bujank01@yahoo.com.sg','013-664 9387','2016-10-27',NULL,NULL,NULL,1,'FB','2018-10-27',0,0,50),(50,'MOHAMAD SHAHRIR BIN NAWAWI','mohamadshahrir@gmail.com','012-470 3152','2016-10-27',NULL,NULL,NULL,1,'FB','2020-10-27',0,1,51),(51,'TEH YONG SHAN / JASON BRENDY','jasonbrendy95@gmail.com','017-438 9588','2016-11-01',NULL,NULL,NULL,1,'FB','2018-11-01',0,0,52),(52,'PON HONG KONG','honkongtra@gmail.com','012-398 8811','2016-11-03','1973-06-28','KL','56100',1,'FB','2020-11-03',1,1,53),(53,'OH KAH MENG / OCEAN','kmnissan@gmail.com','016-263 6209','2016-11-09','1987-10-02','KL','52100',1,'FB','2020-11-09',1,1,54),(54,'MOHAMAD SHAMEEM BIN SALEEM AHAMED','pld2307@yahoo.com','013-931 7783','2016-11-19','1990-07-23','PG','13700',1,'FB','2020-11-19',1,1,55),(55,'NG ENG LEONG / KEVIN','kev770712@gmail.com','012-476 3599','2016-11-20',NULL,NULL,NULL,1,'FB','2018-11-20',0,0,56),(56,'MOHAMED MIRZAR BIN ABDUL GHAFFAR','md.mirzar@gmail.com','019-241 6441','2016-11-21','1963-11-17','SL','40150',1,'FB','2020-11-21',1,1,57),(57,'WIL ONG TECK YUNG','wilwithsinglel@hotmail.com','018-287 8987','2016-11-21','1990-04-20','KL','52100',1,'WO','2018-11-21',1,0,58),(58,'TEOH CHIN POH','cpteoh9678@yahoo.com','016-475 2429','2016-11-22','1976-08-02','PG','11600',1,'FB','2020-11-22',1,1,59),(59,'KRIS TAN KWANG CHUNG','kris7kc@gmail.com','012-558 9927','2016-12-12',NULL,NULL,NULL,1,'FB','2018-12-12',0,0,60),(60,'SHAFARLIZA BINTI SAMSUDDIN','alza8844@gmail.com','012-601 6520','2016-12-27','1981-08-05','SL','47000',1,'FB','2020-12-27',0,1,61),(61,'HEZAN BIN HAJI MOHD ZAINUDIN','hezanrg@gmail.com','017-885 9588','2017-01-12',NULL,NULL,NULL,1,'FB','2019-01-12',0,0,62),(62,'BENZ THAM SHIEN SHYONG','thamss@gmail.com','012-723 7811','2017-01-17',NULL,NULL,NULL,1,'FB','2019-01-17',0,0,63),(63,'BRYAN LEE TONG SIN','bryantslee308@gmail.com','012-723 7811','2017-01-17',NULL,NULL,NULL,1,'FB','2021-01-17',0,1,64),(64,'BILLY CHAN CHEE YONG','Billypru40@gmail.com','012-622 3480','2017-01-17',NULL,'SL',NULL,1,'FB','2019-01-17',1,0,65),(65,'NORHARUL NIZAM BIN NORDIN','harulnizam@gmail.com','013-209 5497','2017-01-25','1975-12-30','KL','51000',1,'SC','2023-01-25',1,1,66),(66,'ALSON CHAY','alsonean@gmail.com','012-232 8370','2017-02-06',NULL,NULL,NULL,1,'FB','2021-02-06',0,1,67),(67,'RASATHILLAGEN RASAINTHIRAN','thillagen@gmail.com','016-288 3221','2017-02-08','1989-05-23','SL',NULL,1,'FB','2019-02-08',0,0,68),(68,'CHIOK SEI HAW','seihaw@hotmail.com','017-715 3322','2017-02-19',NULL,NULL,NULL,1,'FB','2019-02-19',0,0,69),(69,'JUDY LEONG MEI YING','judy.jlmy@gmail.com','012-393 2878','2017-03-09','1982-06-11','SL',NULL,1,'FB','2019-03-09',0,1,70),(70,'MOHAMAD SHAFIQ BIN SHAARI','mshafiqs@live.com','012-473 0755','2017-03-13','1986-05-11','SL','52200',1,'FB','2021-03-13',1,1,71),(71,'TAN CHUN KEAT / SEAN TAN','ck_5883_v@yahoo.com','016-475 2210','2017-03-17','1983-08-05','PG','11100',1,'FB','2021-03-17',1,1,72),(72,'LIM CHENG CHIANG, LOUISS','louislim2@gmail.com','016-233 2426','2017-03-18',NULL,NULL,NULL,1,'FB','2019-03-18',0,1,73),(73,'HO WOON HAN, WILLIE','hwh87109@gmail.com','012-638 6321','2017-03-24','1987-10-09','ME','78000',1,'FB','2021-03-24',1,1,74),(74,'NICKY FUN','badteam88@hotmail.com','017-303 9677','2017-03-27','1988-07-09','SL','42300',1,'FB','2021-03-27',1,1,75),(75,'TEJINDER SINGH','tj1313v@gmail.com','012-300 1253','2017-04-02',NULL,NULL,NULL,1,'FB','2019-04-02',0,1,76),(76,'MOHAMAD NOOR HISHAM BIN HASHIM','icrimsonx@me.com','012-391 2966','2017-04-06','2018-07-27','SL','40150',1,'FB','2021-04-06',1,1,77),(77,'KENNETH QUEK CHUNG YEE','kennethqcy@gmail.com','017- 611 2343','2017-05-16','1990-02-21','SL','47180',1,'FB','2021-05-16',1,1,78),(78,'LIEW K K','kkhuenliew@gmail.com','012-3212210','2017-05-18','1971-10-05','KL','58200',1,'FB','2019-05-18',1,1,79),(79,'BENNY LIAU YEW SOON','benny.liau@yahoo.com','012-326 2033','2017-05-20','1975-04-26','PG','14000',1,'RE','2021-05-20',1,1,80),(80,'SYED AZHAR BIN SYED AZIZUDDIN','aimanofa@yahoo.com','019-222 9268','2017-06-07',NULL,NULL,NULL,1,'FB','2021-06-07',0,1,81),(81,'DAVID TAN HENG LIAT','Dthliat@gmail.com','019-666 8030','2017-06-20',NULL,NULL,NULL,1,'FB','2023-06-20',0,1,82),(82,'SURESH A/L SANTHALINGAM','diehard76@hotmail.com','012-611 5446','2017-07-11',NULL,NULL,NULL,1,'FB','2019-07-11',0,1,83),(83,'FARAH AINI BINTI HOSNI HUSSEN','farahainihosnihussen@yahoo.com','017-683 4757','2017-07-14',NULL,NULL,NULL,1,'FB','2019-07-14',0,1,84),(84,'MICHAEL LIM SI HOE','lshlim.services@gmail.com','016-556 6800','2017-07-17',NULL,NULL,NULL,1,'FB','2019-07-17',0,1,85),(85,'SRIHARI SINGARAVEL','candielikethat@gmail.com','014-718 5896','2017-07-18',NULL,NULL,NULL,1,'FB','2019-07-18',0,1,86),(86,'LIM YEE WEI','ye2wei@gmail.com','012-2095044','2017-07-25','1979-04-19','SL','47301',1,'SC','2019-07-25',1,1,87),(87,'RAMESH RAMANATHAN A/L RAMANATHAN','rrnathan@deloitte.com','013-304 2265','2017-08-02',NULL,NULL,NULL,1,'FB','2019-08-02',0,1,88),(88,'DHAVINDRA KUMARI A/P SUBRAMANIAM','dhavk@yahoo.com','019-353 2689','2017-08-02',NULL,NULL,NULL,1,'FB','2019-08-02',0,1,89),(90,'REDZA TAN SRI ABDULLAH','redza.abdullah@outlook.com','0192736969','2017-08-20','1977-10-01','KL','50490',1,'FB','2019-08-20',1,1,91),(91,'HOSLINA MOHD ARIP','Hoslina@yahoo.com','016-236 1781','2017-09-06',NULL,NULL,NULL,1,'FB','2019-09-06',0,1,92),(92,'TEH TEIK HOE','thteh49@gmail.com','019-3270 672','2017-09-27',NULL,NULL,NULL,1,'FB','2019-09-27',0,1,93),(93,'TAN SIT JAU / SJ','sitjau@gmail.com','016-306 7654','2017-10-16',NULL,NULL,NULL,1,'FB','2019-10-16',0,1,94),(94,'PUN BOON JIUNN / BJ','bj.pun@primolifestyle.com.my','016-668 2929','2017-10-30',NULL,NULL,NULL,1,'FB','2019-10-30',0,1,95),(95,'ERIC GIDEON','doctorofzealonomics@yahoo.co.uk','012-973 3146','2017-11-17','1987-10-08','SL','42100',1,'FB','2019-11-17',0,1,96),(96,'NAVIN DEVAGARAM','navinn73@hotmail.com','012-619 4610','2017-12-20',NULL,NULL,NULL,1,'FB','2019-12-20',0,1,97),(97,'DENNIS YAM WEI KHEN','yam.dennis@gmail.com','012-335 1155','2018-01-28',NULL,NULL,NULL,1,'FB','2020-01-28',0,1,98),(98,'SUHAIRI SAMSUDIN','ecp030@yahoo.com.my','019-232 3181','2018-02-17',NULL,'NS','71950',1,'OT','2020-02-17',0,1,99),(99,'KHAIRI HJ AKSAN','abangk@yahoo.com','019-225 7589','2018-04-05',NULL,NULL,NULL,1,'FB','2020-04-05',0,1,100),(100,'TEE TING LEONG','teetingleong@gmail.com','012-604 1291','2018-04-05',NULL,NULL,NULL,1,'FB','2020-04-05',0,1,101),(101,'ENGKU AZIZ BIN CHE ENGKU MAN','engkuaziz2014@gmail.com','019-908 1179','2018-04-05','2018-03-18','PJ',NULL,1,'FB','2020-04-05',1,1,102),(102,'FOO SAIK JIANG','sjfoo79@yahoo.com','012-412 1518','2018-04-05','1979-01-05','PG','11900',1,'FB','2020-04-05',1,1,103),(103,'MUHAMMAD FARHAN BIN MOHAMED NOR','gantz52@gmail.com','017-926 0238','2018-04-06',NULL,NULL,NULL,1,'FB','2020-04-06',0,1,104),(104,'JUELIE KOH UNG UNG','juelie_koh@yahoo.com','012-378 7775','2018-04-06',NULL,'SL','41050',1,'WO','2020-04-06',1,1,105),(105,'SEAN TAY TECK SEONG','tayteckseong@gmail.com','012-423 1282','2018-04-06',NULL,NULL,NULL,1,'FB','2020-04-06',0,1,106),(106,'SUSAN CHIN','susanchin69@yahoo.com','012-300 5244','2018-04-09',NULL,NULL,NULL,1,'FB','2020-04-09',0,1,107),(107,'ASHIDDIQUE FAIZAL BIN OSMAN','fadique02@yahoo.com','013-375 8041','2018-04-12',NULL,NULL,NULL,1,'FB','2020-04-12',0,1,108),(108,'PRISCILLA OH GIAT ENG','lita_wwf66@yahoo.com','012-318 9633','2018-04-18','1972-12-17','KL','43200',1,'FB','2020-04-18',1,1,109),(109,'MOHD RUHAIZAL MOHD ZAINUDDIN','ruhaizal6017@gmail.com','019-643 4424','2018-04-18',NULL,NULL,NULL,1,'FB','2020-04-18',0,1,110),(110,'ZAKRY ZAINUDDIN','zakryzainuddin@gmail.com','103-277 7696','2018-04-18',NULL,NULL,NULL,1,'FB','2020-04-18',0,1,111),(111,'VICKY LEE JI SHU','jishuvicky@gmail.com','017-619 8081','2018-04-23','1992-08-01','SL','47820',1,'FB','2020-04-23',0,1,112),(112,'TAN KAH MENG','samkah@gmail.com','012-238 8780','2018-04-23',NULL,'SL',NULL,1,'FB','2020-04-23',1,1,113),(113,'KWONG SOON FATT','alankwongsf@jasmine.com.my','016-260 3936','2018-04-26','1978-08-31','SL','43000',1,'FB','2020-04-26',1,1,114),(114,'MOHD AFFENDI MAJID','fendifid@yahoo.com','016-279 0186','2018-04-27',NULL,NULL,NULL,1,'FB','2020-04-27',0,1,115),(115,'KHOR WENG YEE','killer_khor@hotmail.com','016-696 7696','2018-05-02',NULL,'KH','08000',1,'FB','2020-05-02',0,1,116),(116,'ASMAH BINTI ABD RAHMAN','asmah07@gmail.com','019-270 3470','2018-05-02',NULL,NULL,NULL,1,'FB','2020-05-02',0,1,117),(117,'NOORHANEEF BIN BAHARUDDIN','haneef1702@gmail.com','012-384 2999','2018-05-09','1985-02-17','SL','40300',1,'FB','2020-05-09',1,1,118),(118,'ALEX LOH WEN HANN','lohwen89@gmail.com','012-910 0732','2018-05-30',NULL,NULL,NULL,1,'FB','2020-05-30',0,1,119),(119,'NG KIM CHU','ngkimchu@gmail.com','016-350 5054','2018-06-05',NULL,'KL','43200',1,'FB','2020-06-05',1,1,120),(120,'HENRY TEO HAN LEON','henryteo@gmail.com','017-219 9992','2018-06-05','1979-04-10','KL','59100',1,'FB','2020-06-05',1,1,121),(121,'EDDY LEE YEW MUN','eddylee8080@gmail.com','013-772 2221','2018-06-07',NULL,NULL,NULL,1,'FB','2020-06-07',0,1,122),(122,'MOHAMAD SHARIF HAFIZ BIN ISMAIL','sarepdol5939@gmail.com','011-2718 2624','2018-06-07',NULL,NULL,NULL,1,'FB','2020-06-07',0,1,123),(123,'JEYAKANTH A/L SANTRAKANDM','jk_powerup@yahoo.com','013-666 8518','2018-06-09','1985-12-18','SL','44000',1,'FB','2020-06-09',1,1,124),(124,'ZAINAL ZAKARIA','natzakaria@gmail.com','016-616 6803','2018-06-26',NULL,NULL,NULL,1,'FB','2020-06-26',0,1,125),(125,'MOHAMED ASHRAFF BIN DR MOHAMED ALI','mashraffmali@yahoo.com','018-948 1766','2018-06-29',NULL,NULL,NULL,1,'FB','2020-06-29',0,1,126),(126,'AARON CHIN YOON YIH','schoolofdrum@icloud.com','012-513 8331','2018-06-29',NULL,NULL,NULL,1,'FB','2020-06-29',0,1,127),(127,'MOHD AZLEE BIN MOHD NOOR','meounz@gmail.com','019-478 9598','2018-06-29','1976-07-16','PG','13200',1,'FB','2020-06-29',1,1,128),(128,'INTAN NOOR HANIM BT ABD RAHIM','mattzphg@gmail.com','019-343 8687','2018-06-29',NULL,NULL,NULL,1,'FB','2020-06-29',0,1,129),(129,'TAN IAN CHUN','tanianchun@hotmail.com','01126632813','2018-06-30',NULL,'SL',NULL,1,'FB','2020-06-30',1,1,130),(130,'MUHAMMAD AMIR IZHAR BIN MD ANUAR','amiriza@gmail.om','013-622 4321','2018-07-20','1982-10-02','KL','53100',1,'FB','2020-07-20',0,1,131),(131,'ABD AZIZ BIN OSMAN','aziz6346@gmail.com','019-710 3320','2018-07-29',NULL,'SL','41200',1,'FB','2020-07-29',1,1,132),(132,'KIRAN DAS','kiran.das@gmail.com','012-497 9773','2018-08-03','1978-03-19','SL','40170',1,'FB','2020-08-03',0,1,133),(133,'YAP JAMES','james-bond-00700@hotmail.com','012-678 6266','2018-08-07','1994-06-17','SL','40160',1,'FB','2020-08-07',1,1,134),(134,'LOW TZE SHIN (KELVIN)','kelvin@ableidea.asia','012-391 3136','2018-08-12',NULL,NULL,NULL,1,'FB','2020-08-12',0,1,135),(135,'ONG YI','ongyi_92@hotmail.com','016-718 9873','2018-08-27','1992-08-08','KL',NULL,1,'FB','2020-08-27',0,1,136),(136,'JOSEPH BANG CHUNG HUI','jbang@live.com.my','01127072320','2018-09-20','2000-01-18','KL','52100',1,'RE','2020-09-20',1,1,140),(138,'MOHD SHAHEEN BIN HAJA RAFEEK','mohd.shaheen@gmail.com','0123570840','2018-09-25','1982-09-24','SL','40150',1,'RE','2020-09-25',1,1,141),(140,'LOH KOK FUNG','kfcloh@gmail.com','0123836303','2017-08-02','1977-05-24','SL','47810',1,'FB','2019-08-02',1,1,90),(141,'MINDY CHEAH CHING YEE','mindycheah79@yahoo.com','0124885661','2018-10-12','1979-11-02','PG','11500',0,'RE','2020-10-12',1,1,143),(142,'YAZET B. SURAJI','ajityazet0@gmail.com','0177976145','2018-10-16','1974-09-27','SL','42700',1,'OT','2020-10-16',1,1,144),(143,'YAP LUI KONG','yap890914@gmail.com','0167736022','2018-11-23','1989-07-03','JH','81700',1,'FB','2020-11-23',1,1,145),(144,'HAZRUL KAMALUDIN','hazrul@gmail.com','60137734733','2018-11-24','1981-12-26','NS','71800',1,'WO','2020-11-24',1,1,146),(145,'KHOO KAH YOONG','kahyoong1711@gmail.com','0175729281','2018-12-26','1989-09-24','SL','42500',1,'FB','2020-12-26',1,1,148),(147,'MARZUKIFLI B MOHAMED','zoukmh@yahoo.com','0196665928','2018-12-29','1982-06-28','ME','77300',1,'FB','2020-12-29',1,1,150),(148,'LOW HAN YUAN','Cancer.0624@hotmail.com','0162055063','2019-01-14','1990-06-24','SL','43300',1,'SC','2021-01-14',1,1,151),(149,'NOR AZHADI NGAH','quesolution@gmail.com','0122638161','2019-01-24','1975-01-20','SL','43000',1,'FB','2021-01-24',1,1,152),(150,'WONG MUN CHYE','kellvin.wong@mcsystem.my','+601112898198','2019-01-14','1973-06-23','PG','13700',1,'FB','2021-01-14',1,1,153),(151,'NG KOK HOE','kelvinng01@hotmail.com','0165682419','2019-01-15','1987-03-20','SL','42610',1,'FB','2021-01-15',1,1,154),(152,'HARRY KOH','harrykoh168@gmail.com','0103639168','2019-01-15','1963-09-17','KL','57000',1,'WO','2021-01-15',1,1,155),(153,'MOHD RAFIZ BIN ABDUL RAHMAN','rafizrahman@yahoo.com','0122880074','2019-01-25','1969-12-26','SL','47100',1,'FB','2021-01-25',0,1,156),(154,'KUAN PIN SEAH','pinseah@gmail.com','012-4051711','2019-02-01','1963-07-07','PG','14100',1,'WO','2021-02-01',1,1,157),(155,'DASAN THANAM DIVEAN','dasan@iaays.com.my','0197097427','2019-02-18','1974-10-27','SL','43200',1,'FB','2021-02-18',1,1,158),(156,'TAN MIN HONG','reno0925@gmail.com','0104080162','2019-04-16','1988-06-10','JH',NULL,1,'FB','2021-04-16',1,1,161),(158,'MOHD SUHAIMI EMBONG','suhaimi.embong@gmail.com','0126871500','2019-05-17','1978-06-17','SL','40170',1,'FB','2021-05-17',1,1,163),(159,'CHOO LI CHIEAN','chiean2000@gmail.com','0164146405','2019-05-17','1984-12-18','SL','47150',1,'FB','2021-05-17',1,1,164),(160,'MOHD FARID BIN YUNOS','farids.enterprise@gmail.com','0173943737','2019-05-20','1976-07-28','JH','84000',1,'FB','2021-05-20',0,1,165),(161,'JOSEPH LIM CHENG LEONG','JosephLim1@gmail.com','0124712844','2019-05-26','1972-12-12','PG','11700',1,'WO','2021-05-26',1,1,166),(162,'RAYMOND SOOSAIRAJA FRANCIS XAVIOUR','fxraymond@yahoo.com.au','0166146102','2019-05-30','1976-02-08','SL','40460',1,'FB','2021-05-30',1,1,167),(163,'AZHARUDDIN ISNIN','azhar_pagoh@yahoo.com','0197292909',NULL,'1977-01-18','JH','81300',1,'FB',NULL,1,1,168),(165,'YEONG KEAT LENG','alankyeong@live.com','0162197983','2019-06-24','1983-05-11','KL','59000',1,'FB','2021-06-24',1,1,170),(167,'TAN KEAK HUAT PETER','pkhtan@hotmail.com','0163323666',NULL,'1966-03-17','SL','47800',1,'SC',NULL,1,1,172),(168,'TAN KEAK HUAT PETER','peter.tan@live.com.my','0163323666',NULL,'1966-03-17','SL','47800',1,'SC',NULL,1,1,173),(169,'DEVA HARIHARAN','devahariharan.shanker@gmail.com','0182479800',NULL,'1999-03-08','SL','40150',1,NULL,NULL,1,1,174),(170,'SIOW CHYAN CHERNG (RYAN)','ryansiow@rentalanns.com','0162208790','2019-08-22','1976-12-14','KL','53300',1,'FB','2021-08-22',1,1,175),(171,'NOORANITA BINTI MUSTAPHA','nita_fauzi@yahoo.com','01121461720','2019-09-26','1968-01-12','KH','09000',1,'FB','2021-09-26',1,1,176),(172,'MOHD HAFIZ MOHD ZIN','hafiz.zin@gmail.com','0174330190','2019-10-10','1983-12-29','PG','13700',1,'SC','2021-10-10',0,1,177),(173,'LIM YEW WAI','vincelim.uy@gmail.com','0163388843',NULL,NULL,'SL','43300',1,'FB',NULL,1,1,179),(174,'FOO YEAN CHING','lkc5685@gmail.com','0124244022','2019-11-18','1958-01-16','PG','13600',1,'SC','2021-11-18',1,1,180),(175,'MD KHAIZANI BIN RAMLI','mdkhaizani@gmail.com','0129165009','2019-11-22','1984-01-13','PH','28000',1,'FB','2021-11-22',1,1,181),(176,'NOR FAIZUL BIN MOHD NOOR','faizulmn@gmail.com','0195743347','2019-11-29','2020-02-26','PG','13300',1,'OT','2021-11-29',1,1,182);
/*!40000 ALTER TABLE `pcmappv2_member` ENABLE KEYS */;
UNLOCK TABLES;

--
-- Table structure for table `pcmappv2_payment`
--

DROP TABLE IF EXISTS `pcmappv2_payment`;
/*!40101 SET @saved_cs_client     = @@character_set_client */;
/*!40101 SET character_set_client = utf8 */;
CREATE TABLE `pcmappv2_payment` (
  `id` int(11) NOT NULL AUTO_INCREMENT,
  `payment_date` date NOT NULL,
  `payment_amount` int(11) NOT NULL,
  `payment_type` varchar(1) NOT NULL,
  `payment_receipt_image` varchar(100) NOT NULL,
  `payment_car_reg_no_id` int(11) NOT NULL,
  PRIMARY KEY (`id`),
  KEY `pcmappv2_payment_payment_car_reg_no_i_163a1a1f_fk_pcmappv2_` (`payment_car_reg_no_id`),
  CONSTRAINT `pcmappv2_payment_payment_car_reg_no_i_163a1a1f_fk_pcmappv2_` FOREIGN KEY (`payment_car_reg_no_id`) REFERENCES `pcmappv2_member` (`id`)
) ENGINE=InnoDB AUTO_INCREMENT=201 DEFAULT CHARSET=utf8;
/*!40101 SET character_set_client = @saved_cs_client */;

--
-- Dumping data for table `pcmappv2_payment`
--

LOCK TABLES `pcmappv2_payment` WRITE;
/*!40000 ALTER TABLE `pcmappv2_payment` DISABLE KEYS */;
INSERT INTO `pcmappv2_payment` VALUES (1,'2018-04-13',120,'1','',1),(2,'2018-02-28',120,'1','uploadreceipt/Book.xlsx',2),(3,'2016-05-04',120,'1','uploadreceipt/listofpugcars_FjShp8D',3),(4,'2018-02-28',120,'1','',4),(5,'2018-04-24',120,'1','uploadreceipt/README_VZF3fWb.txt',5),(6,'2018-05-01',120,'2','uploadreceipt/PCM_secondary_pymt_slip.pdf',6),(7,'2016-04-23',120,'1','uploadreceipt/listofpugcars_6WbuP63',7),(8,'2018-05-13',120,'1','',8),(9,'2018-04-22',120,'1','',9),(10,'2018-09-27',120,'2','uploadreceipt/B6AD6AB7-852A-4015-9902-77DA0EDDE322.jpeg',10),(11,'2018-05-16',120,'1','',11),(12,'2016-04-30',120,'1','',12),(13,'2016-05-05',120,'1','',13),(14,'2016-05-05',120,'1','uploadreceipt/864EE555-0F30-4B6B-B72F-D021FDA15C9D.jpeg',14),(15,'2018-06-01',120,'1','',15),(16,'2016-05-04',120,'1','',16),(17,'2016-05-06',120,'1','uploadreceipt/FECC0442-619F-4DA9-94B8-00C03AF69E6D.jpeg',17),(18,'2018-05-14',120,'1','',18),(19,'2018-05-19',120,'1','',19),(20,'2016-06-12',120,'1','uploadreceipt/listofpugcars_Ld6LFJe',20),(21,'2016-05-18',120,'1','',21),(22,'2016-10-23',120,'1','uploadreceipt/123_pKOTFNp.pdf',22),(23,'2016-11-10',120,'1','uploadreceipt/123.pdf',23),(24,'2017-03-17',120,'1','',24),(25,'2017-05-12',120,'1','',25),(26,'2017-05-17',120,'1','uploadreceipt/README_0y6003C.txt',26),(27,'2017-06-01',120,'1','',27),(28,'2017-05-26',120,'1','',28),(29,'2017-05-26',120,'1','',29),(30,'2017-06-02',120,'1','',30),(31,'2017-07-04',120,'1','uploadreceipt/defaultphoto_2x.png',31),(32,'2017-09-02',120,'1','',32),(33,'2017-09-30',120,'1','',33),(34,'2017-10-16',120,'1','',34),(35,'2018-01-12',120,'1','',35),(36,'2018-01-21',120,'1','uploadreceipt/README_XVdDWIf.txt',36),(37,'2018-02-02',120,'1','uploadreceipt/README_g89g0rL.txt',37),(38,'2018-02-14',120,'1','',38),(39,'2018-02-15',120,'1','',39),(40,'2018-02-26',120,'1','uploadreceipt/Receipt_45DoI1N.pdf',40),(41,'2018-02-28',120,'1','',41),(42,'2016-05-26',120,'1','uploadreceipt/123_mD1wdwj.pdf',42),(43,'2018-06-25',120,'1','uploadreceipt/README_w6iBoq7.txt',43),(44,'2016-06-17',120,'1','uploadreceipt/C34DD4EC-7BFB-4984-B475-C2DDFDA8C6E4.jpeg',44),(45,'2016-06-29',120,'1','uploadreceipt/27658665-973D-43D2-A122-7F7F76BD7FDC.jpeg',45),(46,'2016-06-17',120,'1','uploadreceipt/CD8A854D-7631-4140-A92C-D9BC7EF290EE.jpeg',46),(47,'2018-08-27',120,'1','',47),(48,'2016-09-06',120,'1','',48),(50,'2018-10-14',120,'2','uploadreceipt/1E66D980-24BE-4E29-AC9F-7D43FF22EFA8.jpeg',50),(51,'2016-11-01',120,'1','uploadreceipt/index.html',51),(52,'2016-11-03',120,'1','uploadreceipt/image_edgORMA.jpg',52),(53,'2016-11-09',120,'1','uploadreceipt/bes-logo.jpeg',53),(54,'2016-11-19',120,'1','',54),(55,'2016-11-20',120,'1','uploadreceipt/123_rndDcDf.pdf',55),(56,'2016-11-21',120,'1','',56),(57,'2016-11-21',120,'1','uploadreceipt/event.ics',57),(58,'2016-11-22',120,'1','uploadreceipt/image_oTNMtWO.jpg',58),(59,'2016-12-12',120,'1','uploadreceipt/123_cBQoNUT.pdf',59),(60,'2016-12-27',120,'1','',60),(61,'2017-01-12',120,'1','uploadreceipt/123_1P3ghOR.pdf',61),(62,'2017-01-17',0,'1','uploadreceipt/Thank_you.jpg',62),(63,'2017-01-17',120,'1','',63),(64,'2017-01-17',120,'1','uploadreceipt/README_tH8s9RM.txt',64),(65,'2017-01-25',120,'1','uploadreceipt/Norharul_Nizam_WA8145G_-_4_years_membership_2019-2022_S5MgeWS.pdf',65),(66,'2017-02-06',120,'1','uploadreceipt/README.txt',66),(67,'2017-02-08',0,'1','uploadreceipt/Thank_you_eYSaMds.jpg',67),(68,'2017-02-19',0,'1','uploadreceipt/Thank_you_blKFaph.jpg',68),(69,'2017-03-09',120,'1','',69),(70,'2017-03-13',120,'1','',70),(71,'2017-03-17',170,'1','uploadreceipt/Thank_you_LxWPsCi.jpg',71),(72,'2017-03-18',120,'1','',72),(73,'2017-03-24',170,'1','uploadreceipt/Thank_you_nXV2AKy.jpg',73),(74,'2019-03-27',170,'1','uploadreceipt/Thank_you_CUT7w3J.jpg',74),(75,'2017-04-02',120,'1','',75),(76,'2017-04-06',170,'1','uploadreceipt/Thank_you_0cYkB93.jpg',76),(77,'2017-05-16',120,'1','',77),(78,'2017-05-18',120,'1','uploadreceipt/README_xr6XuTW.txt',78),(79,'2017-05-20',120,'1','',79),(80,'2017-06-07',120,'1','uploadreceipt/sample.txt',80),(81,'2017-06-20',120,'1','uploadreceipt/1200px-Liverpool_FC.svg.png',81),(82,'2017-07-11',120,'1','',82),(83,'2017-07-14',120,'1','',83),(84,'2017-07-17',120,'1','',84),(85,'2017-07-18',120,'1','',85),(86,'2017-07-25',120,'1','',86),(87,'2017-08-02',120,'1','',87),(88,'2017-08-02',120,'1','',88),(90,'2017-08-20',120,'1','',90),(91,'2017-09-06',120,'1','',91),(92,'2017-09-27',120,'1','',92),(93,'2017-10-16',120,'1','',93),(94,'2017-10-30',120,'1','',94),(95,'2017-11-17',120,'1','',95),(96,'2017-12-20',120,'1','',96),(97,'2018-01-28',120,'1','',97),(98,'2018-02-17',120,'1','',98),(99,'2018-04-05',120,'1','',99),(100,'2018-04-05',120,'1','',100),(101,'2018-04-05',120,'1','',101),(102,'2018-04-05',120,'1','',102),(103,'2018-04-06',120,'1','',103),(104,'2018-04-06',120,'1','',104),(105,'2018-04-06',120,'1','',105),(106,'2018-04-09',120,'1','',106),(107,'2018-04-12',120,'1','',107),(108,'2018-04-18',120,'1','uploadreceipt/image_v7BoJdi.jpg',108),(109,'2018-04-18',120,'1','',109),(110,'2018-04-18',120,'1','',110),(111,'2018-04-23',120,'1','',111),(112,'2018-04-23',120,'1','uploadreceipt/README_J8PNEKz.txt',112),(113,'2018-04-26',120,'1','',113),(114,'2018-04-27',120,'1','',114),(115,'2018-05-02',120,'1','',115),(116,'2018-05-02',120,'1','',116),(117,'2018-05-09',120,'1','',117),(118,'2018-05-30',120,'1','',118),(119,'2018-06-05',120,'1','',119),(120,'2018-06-05',120,'1','',120),(121,'2018-06-07',120,'1','',121),(122,'2018-06-07',120,'1','',122),(123,'2018-06-09',120,'1','',123),(124,'2018-06-26',120,'1','',124),(125,'2018-06-29',120,'1','',125),(126,'2018-06-29',120,'1','',126),(127,'2018-06-29',120,'1','',127),(128,'2018-06-29',120,'1','',128),(129,'2018-06-30',120,'1','',129),(130,'2018-07-20',120,'1','uploadreceipt/Book_oWkxvdk.xlsx',130),(131,'2018-07-29',120,'1','',131),(132,'2018-08-03',120,'1','',132),(133,'2018-08-07',120,'1','',133),(134,'2018-08-12',120,'1','',134),(135,'2018-08-27',120,'1','',135),(136,'2018-09-04',120,'2','uploadreceipt/15360616908021551116575.jpg',12),(137,'2018-09-11',120,'2','uploadreceipt/Receipt.pdf',13),(138,'2018-09-14',120,'2','uploadreceipt/Successful_Funds_Transfer_to_Instant_Transfer.pdf',21),(139,'2018-09-20',170,'1','uploadreceipt/Registration_for_PCM_-_Joseph_Bang.pdf',136),(141,'2018-09-25',170,'1','uploadreceipt/42FFB28E-DA7B-4699-B6AF-4D52BC7C471D.png',138),(142,'2018-09-25',120,'2','uploadreceipt/Screenshot_20180925-165813_Samsung_Internet.jpg',48),(143,'2017-08-02',170,'1','uploadreceipt/image.jpg',140),(144,'2018-09-20',120,'2','uploadreceipt/2220E3DF-B148-41AF-BEF4-9AB952C47C33.jpeg',16),(145,'2018-10-12',170,'1','uploadreceipt/Peugeot_Club_Msia.PNG',141),(146,'2018-10-16',170,'1','uploadreceipt/Screenshot_20181016_151456.png',142),(147,'2018-11-23',170,'1','uploadreceipt/18CECC1A-ECC6-4A76-A6B4-2C95F91E1724.png',143),(148,'2018-11-24',120,'1','uploadreceipt/Receipt_6BWDxQZ.pdf',144),(149,'2018-12-07',120,'2','uploadreceipt/PCM_renew_receipts_.pdf',53),(150,'2018-12-07',120,'2','uploadreceipt/6015961153.pdf',56),(151,'2018-12-26',170,'1','uploadreceipt/PCM.png',145),(153,'2018-12-29',170,'1','uploadreceipt/Screenshot_20181229-094415_Drive.jpg',147),(154,'2018-12-28',240,'2','uploadreceipt/Norharul_Nizam_WA8145G_-_4_years_membership_2019-2022_2fUkKAY.pdf',65),(155,'2018-12-29',120,'2','uploadreceipt/93B1C0D8-BC84-4284-A5C5-2E6ADB6DE737.png',58),(156,'2018-12-29',120,'2','uploadreceipt/Screenshot_20181229-213135_Chrome.jpg',52),(157,'2018-12-29',120,'2','uploadreceipt/Screenshot_20181229-213135_Chrome_NprdQNU.jpg',52),(158,'2018-12-29',120,'2','uploadreceipt/CIMB_Clicks.pdf',54),(159,'2019-01-01',120,'2','uploadreceipt/BNN8844.pdf',60),(160,'2019-01-14',170,'1','uploadreceipt/IMG_20190114_215028.png',148),(161,'2019-01-14',170,'1','uploadreceipt/Receipt_kJv0DPC.pdf',150),(162,'2019-01-15',170,'1','uploadreceipt/Screenshot_20190115-095929.jpg',151),(163,'2019-01-15',170,'1','uploadreceipt/367D2B54-823C-4A9B-8656-1F5A9CBB26BC.jpeg',152),(164,'2019-01-23',120,'2','uploadreceipt/Screenshot_20190123_100650.jpg',63),(165,'2019-01-24',170,'1','uploadreceipt/C6BD1843-A6AB-441F-8678-7225EE4AD770.jpeg',149),(166,'2019-01-25',170,'1','uploadreceipt/Screenshot_20190125-233115.png',153),(167,'2019-02-01',170,'1','uploadreceipt/Peugeot_Club_Malaysia_-_PS_Kuan.pdf',154),(168,'2019-02-14',140,'2','uploadreceipt/Transfer_190214_Peugeot_Club.pdf',66),(169,'2019-02-18',170,'1','uploadreceipt/Screenshot_2019-02-18-18-24-50-76.png',155),(170,'2019-04-01',120,'2','uploadreceipt/WWF_331_-_Renewal_Fee.pdf',70),(171,'2019-04-06',120,'2','uploadreceipt/Mohamad_Noor_Hisham_PCM_renewal_I9l65wF.pdf',76),(172,'2019-03-17',120,'2','uploadreceipt/Sean_Tan_Chun_Keat_PCM_renewal_mAKEqSS.pdf',71),(173,'2019-03-27',120,'2','uploadreceipt/Nicky_Fun_PCM_renewal_dMoCuQ6.pdf',74),(174,'2019-03-24',120,'2','uploadreceipt/Willie_Ho_Woon_Han_PCM_renewal_bJUQVCE.pdf',73),(175,'2019-04-16',170,'1','uploadreceipt/payment_REno.jpg',156),(177,'2019-05-17',170,'1','uploadreceipt/Screenshot_20190517-083635_Maybank_MY.jpg',158),(178,'2019-05-17',170,'1','uploadreceipt/image.png',159),(179,'2019-05-18',120,'2','uploadreceipt/Peugeot_Club_Malaysia_renew_iskandarhadigmail.com_WSV7978_308.pdf',28),(180,'2019-05-20',170,'1','uploadreceipt/receipt_6.pdf',160),(181,'2019-05-26',170,'1','uploadreceipt/PCM-REGISTRATION.png',161),(182,'2019-05-30',170,'1','uploadreceipt/PCM_Membership_2019_G9190.docx',162),(183,'2019-06-04',20,'3','uploadreceipt/PCM_secondary_pymt_slip_0v3Lrwz.pdf',6),(185,'2019-06-21',120,'2','uploadreceipt/0A66B0D0-613C-4B1A-9A15-0026C8D17562_OpVcK33.png',80),(186,'2019-06-24',170,'1','uploadreceipt/Screenshot_2019-06-24_at_14.01.04.png',165),(188,'2019-06-25',120,'2','uploadreceipt/Screenshot_20190625_211824_com.google.android.apps.docs_B8wErNz.jpg',79),(190,'2019-07-04',120,'2','uploadreceipt/Receipt-0407191053386673.pdf',77),(191,'2019-07-12',120,'2','uploadreceipt/David_Tan_Heng_Liat_PCM_renewal.pdf',81),(192,'2019-08-03',170,'1','uploadreceipt/CF33279C-E697-471B-9D97-1C977E3EF5AA.png',168),(193,'2019-08-22',170,'1','uploadreceipt/PCM_Member_Fee.JPG',170),(194,'2019-08-30',120,'2','uploadreceipt/4493A77B-6745-4CF0-8A79-BC9FD51D5D44.png',31),(195,'2019-09-26',170,'1','uploadreceipt/Receipt_vGGd0yc.pdf',171),(196,'2019-10-10',170,'1','uploadreceipt/POGclub.pdf',172),(197,'2019-11-18',170,'1','uploadreceipt/PCM.pdf',174),(198,'2019-11-22',170,'1','uploadreceipt/Receipt_vCbtLYG.pdf',175),(199,'2019-11-23',20,'3','uploadreceipt/Receipt_5vO6Ugc.pdf',40),(200,'2019-11-29',170,'1','uploadreceipt/Screenshot_20191129_111020_com.android.chrome.jpg',176);
/*!40000 ALTER TABLE `pcmappv2_payment` ENABLE KEYS */;
UNLOCK TABLES;
/*!40103 SET TIME_ZONE=@OLD_TIME_ZONE */;

/*!40101 SET SQL_MODE=@OLD_SQL_MODE */;
/*!40014 SET FOREIGN_KEY_CHECKS=@OLD_FOREIGN_KEY_CHECKS */;
/*!40014 SET UNIQUE_CHECKS=@OLD_UNIQUE_CHECKS */;
/*!40101 SET CHARACTER_SET_CLIENT=@OLD_CHARACTER_SET_CLIENT */;
/*!40101 SET CHARACTER_SET_RESULTS=@OLD_CHARACTER_SET_RESULTS */;
/*!40101 SET COLLATION_CONNECTION=@OLD_COLLATION_CONNECTION */;
/*!40111 SET SQL_NOTES=@OLD_SQL_NOTES */;

-- Dump completed on 2019-12-09 15:38:45
